,Brand,Product Name,Price,Availability,Expected Delivery,Return Policy,Exchange,Product Url
0,Vfashion,Men's Football Design Roundneck Blue T-Shirt | 100% Cotton,₹499,Available,"Saturday, August 6",30 Days Returns & Exchange,Not Applicable,https://www.amazon.in/gp/slredirect/picassoRedirect.html/ref=pa_sp_atf_aps_sr_pg1_1?ie=UTF8&adId=A05038713HVFLQM8WIM7V&url=%2FVfashion-Football-Design-Roundneck-T-Shirt%2Fdp%2FB093BNQ6P1%2Fref%3Dsr_1_1_sspa%3Fcrid%3D2QMZCI1TWAD8P%26keywords%3Dfootball%2Bt-shirts%26qid%3D1659207727%26sprefix%3D%252Caps%252C225%26sr%3D8-1-spons%26psc%3D1&qualifier=1659207727&id=2928327370543840&widgetName=sp_atf
1,Pooplu,"Mens Football Logo Cotton Printed Round Neck Half Sleeves Black & White Tshirt. Sports, Game, Football, Soccer Tees and Tshirts",₹649,Available,"Monday, 8 August",30 Days Returns & Exchange,Not Applicable,https://www.amazon.in/gp/slredirect/picassoRedirect.html/ref=pa_sp_atf_aps_sr_pg1_1?ie=UTF8&adId=A05892021H5IVSQMG75WC&url=%2FPooplu-Football-Printed-Sleeves-Black_Small%2Fdp%2FB07V6Q5MCV%2Fref%3Dsr_1_2_sspa%3Fcrid%3D2QMZCI1TWAD8P%26keywords%3Dfootball%2Bt-shirts%26qid%3D1659207727%26sprefix%3D%252Caps%252C225%26sr%3D8-2-spons%26psc%3D1&qualifier=1659207727&id=2928327370543840&widgetName=sp_atf
2,Revind.442,Cristiano Ronaldo 'Life Without Football' Typography Men's 100% Cotton Round Neck T-Shirt,₹549,Available,"Monday, August 8",30 Days Returns & Exchange,Not Applicable,https://www.amazon.in/gp/slredirect/picassoRedirect.html/ref=pa_sp_atf_aps_sr_pg1_1?ie=UTF8&adId=A027876717KEI4SPM829B&url=%2FRevind-442-Cristiano-Ronaldo-Football-Typography%2Fdp%2FB08HLN7J2V%2Fref%3Dsr_1_3_sspa%3Fcrid%3D2QMZCI1TWAD8P%26keywords%3Dfootball%2Bt-shirts%26qid%3D1659207727%26sprefix%3D%252Caps%252C225%26sr%3D8-3-spons%26psc%3D1&qualifier=1659207727&id=2928327370543840&widgetName=sp_atf
3,Sportyway,FCB Barcelona Football Kids New Jersey Set T-Shirt and Shorts,₹599,Available,-,Not Available,Not Applicable,https://www.amazon.in/Barcelona-Football-Jersey-T-Shirt-Multicolor/dp/B09PF1F92R/ref=sr_1_4?crid=2QMZCI1TWAD8P&keywords=football+t-shirts&qid=1659207727&sprefix=%2Caps%2C225&sr=8-4
4,Vector X,VFS-002-A Mens/Adults Soccer/Football Set of Jersey and Shorts (Navy),₹490,Available," Friday, August 5",10 day Refund/Replacement,Not Applicable,https://www.amazon.in/Vector-Football-T-Shirt-Short-VFS-002/dp/B01MRN40XZ/ref=sr_1_5?crid=2QMZCI1TWAD8P&keywords=football+t-shirts&qid=1659207727&sprefix=%2Caps%2C225&sr=8-5
5,Sportyway,PSG Paris Saint Germain Black Kids Messi 30 Football Jersey Set T-Shirt and Shorts,₹599,Available,-,Not Available,Not Applicable,https://www.amazon.in/Germain-Football-Jersey-T-Shirt-Shorts/dp/B09RX16XXJ/ref=sr_1_6?crid=2QMZCI1TWAD8P&keywords=football+t-shirts&qid=1659207727&sprefix=%2Caps%2C225&sr=8-6
6,Amazon Brand - Symactive,Men's Regular T-Shirt,₹359,Available,-,Not Available,Not Applicable,https://www.amazon.in/Amazon-Brand-Symbol-T-Shirt-AW17-SYSP-03D_Large_Cobalt/dp/B071XCRMTR/ref=sr_1_7?crid=2QMZCI1TWAD8P&keywords=football+t-shirts&qid=1659207727&sprefix=%2Caps%2C225&sr=8-7
7,Triumph,Full Sleeve Football Goalie Jersey for Men Green Goalkeeper T Shirt,"₹1,199",Available,-,Not Available,Not Applicable,https://www.amazon.in/Triumph-Replica-Soccer-Goalie-T-Shirts/dp/B08DRNBB6W/ref=sr_1_8?crid=2QMZCI1TWAD8P&keywords=football+t-shirts&qid=1659207727&sprefix=%2Caps%2C225&sr=8-8
8,Inkholic,Men's Round Collar Football Jersey Multicolored INK1900,₹399,Available,-,Not Available,Not Applicable,https://www.amazon.in/Inkholic-Football-Multicolored-INK1900-X-Large/dp/B09RH2HH8G/ref=sr_1_9?crid=2QMZCI1TWAD8P&keywords=football+t-shirts&qid=1659207727&sprefix=%2Caps%2C225&sr=8-9
9,Just rider,"Rider Compression T-Shirt, Top Full Sleeve Plain Athletic Fit Multi Sports Cycling, Cricket, Football, Badminton, Gym, Fitness & Other Outdoor Inner Wear",₹445,Available," Friday, August 5",10 day Refund/Replacement,Not Applicable,https://www.amazon.in/Compression-T-Shirt-Athletic-Football-Badminton/dp/B07HTLL9P5/ref=sr_1_10?crid=2QMZCI1TWAD8P&keywords=football+t-shirts&qid=1659207727&sprefix=%2Caps%2C225&sr=8-10
10,Custom tshirt,Customizable Men's FC Barcelona Football Jersey 2020-2021(Dryfit-Master Quality Assured),₹700,Available,August 2 - 5,30 Days Returns,Not Applicable,https://www.amazon.in/Custom-tshirt-Customizable-Barcelona-Dryfit-Master/dp/B08L812Q4C/ref=sr_1_11?crid=2QMZCI1TWAD8P&keywords=football+t-shirts&qid=1659207727&sprefix=%2Caps%2C225&sr=8-11
11,Triumph,Men Soccer Jersey Quick Dry Half Sleeve Football Jerseys for Men's Printed Soccer Football Sports Team T-Shirts for Boys Player Polyester Sportswear Football T Shirts,₹749,Available,-,Not Available,Not Applicable,https://www.amazon.in/Triumph-Football-T-Shirts-Polyester-Sportswear/dp/B08YK1K2SR/ref=sr_1_12?crid=2QMZCI1TWAD8P&keywords=football+t-shirts&qid=1659207727&sprefix=%2Caps%2C225&sr=8-12
12,Bodysports.co,Messi Football Jersey for Kids,₹499,Available,-,Not Available,Not Applicable,https://www.amazon.in/Bodysports-co-Messi-Football-Jersey-13-14/dp/B09965SVTQ/ref=sr_1_13?crid=2QMZCI1TWAD8P&keywords=football+t-shirts&qid=1659207727&sprefix=%2Caps%2C225&sr=8-13
13,Generic,Infinity Sports Ronaldo Football Jersey 2019-20,₹339,Available,-,Not Available,Not Applicable,https://www.amazon.in/Infinity-Sports-Ronaldo-Football-2019-20/dp/B0B5YF82N5/ref=sr_1_14?crid=2QMZCI1TWAD8P&keywords=football+t-shirts&qid=1659207727&sprefix=%2Caps%2C225&sr=8-14
14,Triumph,Unisex Polyester Sublimated Sports/Soccer/Football/Tennis/Badminton/Kabbadi/Volleyball Jersey Red,₹749,Available,-,Not Available,Not Applicable,https://www.amazon.in/Triumph-Football-Jersey-Shirt-Sports/dp/B091N67JGJ/ref=sr_1_15?crid=2QMZCI1TWAD8P&keywords=football+t-shirts&qid=1659207727&sprefix=%2Caps%2C225&sr=8-15
15,Tee Mafia,Unisex Manchester United Football Combo of Sipper and T-Shirts| Manchester unitedT-Shirt| Manchester United Sipper,₹649,Available,-,Not Available,Not Applicable,https://www.amazon.in/Tee-Mafia-Manchester-Football-unitedT-Shirt/dp/B07XNZ6VVS/ref=sr_1_16?crid=2QMZCI1TWAD8P&keywords=football+t-shirts&qid=1659207727&sprefix=%2Caps%2C225&sr=8-16
16,Tee Mafia,Unisex Chelsea Football Combo of Sipper and T-Shirts| Chelsea T-Shirt| Chelsea Sipper,₹649,Available,-,Not Available,Not Applicable,https://www.amazon.in/Tee-Mafia-Chelsea-Football-T-Shirts/dp/B07XP1CCPH/ref=sr_1_17?crid=2QMZCI1TWAD8P&keywords=football+t-shirts&qid=1659207727&sprefix=%2Caps%2C225&sr=8-17
17,Generic,Infinity Sports Paris Saint Germain Jersey Messi 30,₹359,Available,-,Not Available,Not Applicable,https://www.amazon.in/Infinity-Sports-Paris-Germain-Jersey/dp/B0B5HDQD8F/ref=sr_1_18?crid=2QMZCI1TWAD8P&keywords=football+t-shirts&qid=1659207727&sprefix=%2Caps%2C225&sr=8-18
18,MOMBIN,Messi Jersey Tshirt Football Half Sleeve Regular Fit Casual Stylish for Men,₹349,Available,-,Not Available,Not Applicable,https://www.amazon.in/Jersey-Tshirt-Football-Sleeve-Regular/dp/B08538P3YK/ref=sr_1_19?crid=2QMZCI1TWAD8P&keywords=football+t-shirts&qid=1659207727&sprefix=%2Caps%2C225&sr=8-19
19,Generic,Nakoda Creation Full Sleeve T-shirt,₹525,Only 1 left in stock.,+,30 Days Returns & Exchange,Not Applicable,https://www.amazon.in/gp/slredirect/picassoRedirect.html/ref=pa_sp_mtf_aps_sr_pg1_1?ie=UTF8&adId=A07798502ERV6UEN50OBQ&url=%2FNakoda-Creation-Full-Sleeve-T-shirt%2Fdp%2FB0B7SK13S7%2Fref%3Dsr_1_20_sspa%3Fcrid%3D2QMZCI1TWAD8P%26keywords%3Dfootball%2Bt-shirts%26qid%3D1659207727%26sprefix%3D%252Caps%252C225%26sr%3D8-20-spons%26psc%3D1&qualifier=1659207727&id=2928327370543840&widgetName=sp_mtf
20,Generic,Nakoda Creation Full Sleeve T-shirt Grey Color,₹699,Only 1 left in stock.,+,30 Days Returns & Exchange,Not Applicable,https://www.amazon.in/gp/slredirect/picassoRedirect.html/ref=pa_sp_mtf_aps_sr_pg1_1?ie=UTF8&adId=A07809861TQVQZCH441V9&url=%2FNakoda-Creation-Sleeve-T-shirt-Color%2Fdp%2FB0B7SML794%2Fref%3Dsr_1_21_sspa%3Fcrid%3D2QMZCI1TWAD8P%26keywords%3Dfootball%2Bt-shirts%26qid%3D1659207727%26sprefix%3D%252Caps%252C225%26sr%3D8-21-spons%26psc%3D1&qualifier=1659207727&id=2928327370543840&widgetName=sp_mtf
21,Generic,Nakoda Creation Full Sleeve T-shirt Round neck,₹699,Only 1 left in stock.,+,30 Days Returns & Exchange,Not Applicable,https://www.amazon.in/gp/slredirect/picassoRedirect.html/ref=pa_sp_mtf_aps_sr_pg1_1?ie=UTF8&adId=A0782034QE0TJHW7YRC6&url=%2FNakoda-Creation-Sleeve-T-shirt-Round%2Fdp%2FB0B7SNSWJN%2Fref%3Dsr_1_22_sspa%3Fcrid%3D2QMZCI1TWAD8P%26keywords%3Dfootball%2Bt-shirts%26qid%3D1659207727%26sprefix%3D%252Caps%252C225%26sr%3D8-22-spons%26psc%3D1&qualifier=1659207727&id=2928327370543840&widgetName=sp_mtf
22,Generic,Nakoda Creation Full Sleeve T-shirt Raund - Neck,₹699,Only 1 left in stock.,+,30 Days Returns & Exchange,Not Applicable,https://www.amazon.in/gp/slredirect/picassoRedirect.html/ref=pa_sp_mtf_aps_sr_pg1_1?ie=UTF8&adId=A07595228QWSY07E6XDI&url=%2FNakoda-Creation-Sleeve-T-shirt-Raund%2Fdp%2FB0B7SNZB2V%2Fref%3Dsr_1_23_sspa%3Fcrid%3D2QMZCI1TWAD8P%26keywords%3Dfootball%2Bt-shirts%26qid%3D1659207727%26sprefix%3D%252Caps%252C225%26sr%3D8-23-spons%26psc%3D1&qualifier=1659207727&id=2928327370543840&widgetName=sp_mtf
23,Generic,Infinity Sports Portugal Away Jersey Ronaldo 7 Full Sleeve,₹369,Available,-,Not Available,Not Applicable,https://www.amazon.in/Infinity-Sports-Portugal-Jersey-Ronaldo/dp/B09TGPGBJF/ref=sr_1_24?crid=2QMZCI1TWAD8P&keywords=football+t-shirts&qid=1659207727&sprefix=%2Caps%2C225&sr=8-24
24,Daily Orders,Soccer t-Shirts for Men Football Jersey with My Name Printed Football Jersey for Men Under 400 Soccer Jersey Customized Personalized Football Jersey with Name DOdr1008-C901157-C-WH,₹399,Available,-,Not Available,Not Applicable,https://www.amazon.in/Daily-Orders-Customized-Personalized-DOdr1008-C901157-C-WH-M/dp/B09MFYN7D2/ref=sr_1_25?crid=2QMZCI1TWAD8P&keywords=football+t-shirts&qid=1659207727&sprefix=%2Caps%2C225&sr=8-25
25,aallookart,Men's Liv Home Football Jersey 2022-23,₹999,Available,-,Not Available,Not Applicable,https://www.amazon.in/aallookart-Mens-Football-Jersey-T-Shirt/dp/B098LRBD5G/ref=sr_1_26?crid=2QMZCI1TWAD8P&keywords=football+t-shirts&qid=1659207727&sprefix=%2Caps%2C225&sr=8-26
26,Generic,Infinity Sports Manchester United Home Football Jersey Ronaldo 7,₹359,Available,-,Not Available,Not Applicable,https://www.amazon.in/Infinity-Sports-Manchester-United-Ronaldo/dp/B09PL69HXR/ref=sr_1_27?crid=2QMZCI1TWAD8P&keywords=football+t-shirts&qid=1659207727&sprefix=%2Caps%2C225&sr=8-27
27,RT buik,Mens_sports_T_ shirt_&_Shorts_Set,₹399,Available,-,Not Available,Not Applicable,https://www.amazon.in/RT-buik-NKST_BL_M30-Mens_Sports_T_-set_black/dp/B09VFGPD91/ref=sr_1_28?crid=2QMZCI1TWAD8P&keywords=football+t-shirts&qid=1659207727&sprefix=%2Caps%2C225&sr=8-28
28,Prink,Born to Play Football Printed T-Shirts | Tees for Men | Black Cotton Tshirts | T-Shirts for Football Player | Football Theme T-Shirt for Boys |,₹499,Available,-,Not Available,Not Applicable,https://www.amazon.in/Prink-Football-Printed-T-Shirts-Tshirts/dp/B08R293YWJ/ref=sr_1_29?crid=2QMZCI1TWAD8P&keywords=football+t-shirts&qid=1659207727&sprefix=%2Caps%2C225&sr=8-29
29,Generic,Infinity Sports Paris Away Jersey and Manchester United Third kit Jersey Ronaldo 7,₹499,Available,-,Not Available,Not Applicable,https://www.amazon.in/Infinity-Sports-Jersey-Manchester-Ronaldo/dp/B09SCT6PQS/ref=sr_1_30?crid=2QMZCI1TWAD8P&keywords=football+t-shirts&qid=1659207727&sprefix=%2Caps%2C225&sr=8-30
30,Zexer,"Men's Full Sleeve Plain Athletic Fit Multi Sports Compression T-Shirt for Cycling, Running, Yoga, Tennis, Cricket, Football, Swimming, Badminton, Gym, Fitness (Black, Large)",₹360,Available," Saturday, August 6",10 Days Returnable,Not Applicable,https://www.amazon.in/Zexer-Compression-Athletic-Football-Badminton/dp/B07TN82ZVR/ref=sr_1_31?crid=2QMZCI1TWAD8P&keywords=football+t-shirts&qid=1659207727&sprefix=%2Caps%2C225&sr=8-31
31,Adidas,Boy's Regular T-Shirt,"₹1,935",Available,-,Not Available,Not Applicable,https://www.amazon.in/Adidas-Regular-T-Shirt-FH7812_CLOWHI-Black/dp/B08CBMNRBV/ref=sr_1_32?crid=2QMZCI1TWAD8P&keywords=football+t-shirts&qid=1659207727&sprefix=%2Caps%2C225&sr=8-32
32,UNBEATABLE,"Compression T-Shirt Top Plain Athletic Fit Multi Sports Cycling, Cricket, Football, Badminton, Gym",₹324,Available,-,Not Available,Not Applicable,https://www.amazon.in/UNBEATABLE-Compression-Athletic-Football-Badminton/dp/B09GFLJW3X/ref=sr_1_33?crid=2QMZCI1TWAD8P&keywords=football+t-shirts&qid=1659207727&sprefix=%2Caps%2C225&sr=8-33
33,Generic,Infinity Sports Manchester United Football Jersey Ronaldo 7 and Paris Jersey Messi and Manchester United Away Jersey,₹749,Available,-,Not Available,Not Applicable,https://www.amazon.in/Infinity-Sports-Manchester-Football-Ronaldo/dp/B0B5RYDXM6/ref=sr_1_34?crid=2QMZCI1TWAD8P&keywords=football+t-shirts&qid=1659207727&sprefix=%2Caps%2C225&sr=8-34
34,UNBEATABLE,Men's Compression Top,₹324,Available,-,Not Available,Not Applicable,https://www.amazon.in/UNBEATABLE-Mens-Compression-Fit-UNBEATABLETSHIRT_Black_XL/dp/B09NJN19SQ/ref=sr_1_35?crid=2QMZCI1TWAD8P&keywords=football+t-shirts&qid=1659207727&sprefix=%2Caps%2C225&sr=8-35
35,Generic,Infinity Sports Manchester United Football Jersey Ronaldo 7 Full Sleeve (Home and Away and Third Kit),₹749,Available,-,Not Available,Not Applicable,https://www.amazon.in/Infinity-Sports-Manchester-Football-Ronaldo/dp/B0B5ND5RT7/ref=sr_1_36?crid=2QMZCI1TWAD8P&keywords=football+t-shirts&qid=1659207727&sprefix=%2Caps%2C225&sr=8-36
36,Generic,Infinity Sports Manchester United Jersey Third kit Full Sleeve,₹379,Available,-,Not Available,Not Applicable,https://www.amazon.in/Infinity-Sports-Manchester-United-Multiocolor/dp/B09XYX4844/ref=sr_1_37?crid=2QMZCI1TWAD8P&keywords=football+t-shirts&qid=1659207727&sprefix=%2Caps%2C225&sr=8-37
37,Daily Orders,Kabaddi Jersey with Number and Name Printed Kabaddi kit for Boys Sport pro Kabaddi Jersey Full Set kabbadi t Shirts for Men Kabaddi Jersey Shorts Athletics Yoga DOdr1008-C901127-C-WH,₹649,Available,-,Not Available,Not Applicable,https://www.amazon.in/Daily-Orders-Kabaddi-Athletics-DOdr1008-C901127-C-WH-L/dp/B09MJ3NJNT/ref=sr_1_38?crid=2QMZCI1TWAD8P&keywords=football+t-shirts&qid=1659207727&sprefix=%2Caps%2C225&sr=8-38
38,Nike,Men s Force Lunarbeast Elite TD Football Cleat,"₹2,379",Available,"Thursday, 4 August",10 Days Returns & Exchange,Not Applicable,https://www.amazon.in/Nike-Breathe-Chelsea-Stadium-Soccer/dp/B005BYS2Q4/ref=sr_1_39?crid=2QMZCI1TWAD8P&keywords=football+t-shirts&qid=1659207727&sprefix=%2Caps%2C225&sr=8-39
39,LOOKMINT,Man Uni Home Football Jersey 2022-23 with Ronaldo 7 Printed for Men Women Boys,₹650,Available,-,Not Available,Not Applicable,https://www.amazon.in/LOOKMINT-Football-2022-23-Ronaldo-Printed/dp/B0B5MZH32W/ref=sr_1_40?crid=2QMZCI1TWAD8P&keywords=football+t-shirts&qid=1659207727&sprefix=%2Caps%2C225&sr=8-40
40,Generic,Men Sport T Shirt Sport Wear Fitness Compression-Black-Parent,--,Available,-,10 Days Returnable,Not Applicable,https://www.amazon.in/Generic-Sport-Shirt-Fitness-Compression-Black-XL/dp/B077VWHFGZ/ref=sr_1_41?crid=2QMZCI1TWAD8P&keywords=football+t-shirts&qid=1659207727&sprefix=%2Caps%2C225&sr=8-41
41,fasla,Printed Round Neck Cotton Tshirt for Boys (Pack of 3 Multi Colored),₹499,Available,-,Not Available,Not Applicable,https://www.amazon.in/fasla-Printed-Cotton-Colored-Football/dp/B09ZQTTLMQ/ref=sr_1_42?crid=2QMZCI1TWAD8P&keywords=football+t-shirts&qid=1659207727&sprefix=%2Caps%2C225&sr=8-42
42,Quada,Men's Compression Full Sleeve High Performance Plain Cool Dry Fit Athletic Fit Gym Sports Stretchable T-Shirts for Men,₹395,Available," Friday, August 5",10 Days Returnable,Not Applicable,https://www.amazon.in/Quada-Compression-Performance-Athletic-Stretchable/dp/B081CZ4NX8/ref=sr_1_43?crid=2QMZCI1TWAD8P&keywords=football+t-shirts&qid=1659207727&sprefix=%2Caps%2C225&sr=8-43
43,NEVER LOSE,"Compression T-Shirt, Top Full Sleeve Plain Athletic Fit Multi Sports Cycling, Cricket, Football, Badminton, Gym, Fitness & Other Outdoor Inner Wear (Black, X-Large)",₹399,Available,"Friday, August 5 on your first order in this category",Returns Policy,Not Applicable,https://www.amazon.in/NEVER-LOSE-Compression-Athletic-Badminton/dp/B097L89ZQ5/ref=sr_1_44?crid=2QMZCI1TWAD8P&keywords=football+t-shirts&qid=1659207727&sprefix=%2Caps%2C225&sr=8-44
44,Daily Orders,"Cricket Sports Jersey for Men with Team Name, Name and Number Printed | Cricket t Shirts for Men Printed with Name | Cricket Jersey with My Name DOdr1009-C90179-C-WH",₹399,Available,-,Not Available,Not Applicable,https://www.amazon.in/Daily-Orders-Regular-Cricket-DOdr1009-C90179-C-WH_Multicolor_Large/dp/B09KN8DS6C/ref=sr_1_45?crid=2QMZCI1TWAD8P&keywords=football+t-shirts&qid=1659207727&sprefix=%2Caps%2C225&sr=8-45
45,Justwin,"Men's Full Sleeve Plain Athletic Fit Multi Sports Compression T-Shirt for Cycling, Running, Yoga, Tennis, Cricket, Football, Swimming, Badminton, Gym, Fitness",₹324,Available,-,Not Available,Not Applicable,https://www.amazon.in/Justwin-Athletic-Compression-Football-Badminton/dp/B09RV7TF33/ref=sr_1_46?crid=2QMZCI1TWAD8P&keywords=football+t-shirts&qid=1659207727&sprefix=%2Caps%2C225&sr=8-46
46,Nike,Men's Regular fit T-Shirt,"₹4,695",Available,-,Not Available,Not Applicable,https://www.amazon.in/CFC-BRT-Stad-JSY-919009-496/dp/B07D1X1YLR/ref=sr_1_47?crid=2QMZCI1TWAD8P&keywords=football+t-shirts&qid=1659207727&sprefix=%2Caps%2C225&sr=8-47
47,Puma,Unisex's Regular Top,"₹2,019",Available,-,Not Available,Not Applicable,https://www.amazon.in/Puma-Kids-Unisex-Shirt-Replica-Spons/dp/B07QC8KYSM/ref=sr_1_48?crid=2QMZCI1TWAD8P&keywords=football+t-shirts&qid=1659207727&sprefix=%2Caps%2C225&sr=8-48
48,Generic,Infinity Sports Manchester United Football Jersey Ronaldo 7 (Home and Away and Third Kit),₹749,Available,-,Not Available,Not Applicable,https://www.amazon.in/Infinity-Sports-Manchester-Football-Ronaldo/dp/B0B5N76Z1F/ref=sr_1_49?crid=2QMZCI1TWAD8P&keywords=football+t-shirts&qid=1659207727&sprefix=%2Caps%2C225&sr=8-49
49,BodySports.co,Germany Football Jersey Fresh Design,₹414,Available,-,Not Available,Not Applicable,https://www.amazon.in/BodySports-co-Germany-Football-Jerseys-EMBROIDRED/dp/B096K5SZTK/ref=sr_1_50?crid=2QMZCI1TWAD8P&keywords=football+t-shirts&qid=1659207727&sprefix=%2Caps%2C225&sr=8-50
50,Tommy Hilfiger,Men's Relaxed Sweatshirt,"₹2,761",Available,-,Not Available,Not Applicable,https://www.amazon.in/Tommy-Hilfiger-Colorblock-Twilight-A0ATH176/dp/B098QYKSTV/ref=sr_1_51?crid=2QMZCI1TWAD8P&keywords=football+t-shirts&qid=1659207727&sprefix=%2Caps%2C225&sr=8-51
51,Puma,Men's Polo,"₹1,286",Available,-,Not Available,Not Applicable,https://www.amazon.in/Puma-Mens-4053984696987_X-Small_Methyl-Estate-Green/dp/B00LQR75FO/ref=sr_1_52?crid=2QMZCI1TWAD8P&keywords=football+t-shirts&qid=1659207727&sprefix=%2Caps%2C225&sr=8-52
52,UZARUS,Womens Dry Fit Workout Top Sports Gym T-Shirt,₹331,Available,-,Not Available,Not Applicable,https://www.amazon.in/UZARUS-Womens-Workout-Sports-T-Shirt/dp/B09ZFD5PWZ/ref=sr_1_53?crid=2QMZCI1TWAD8P&keywords=football+t-shirts&qid=1659207727&sprefix=%2Caps%2C225&sr=8-53
53,Generic,Infinity Sports Paris Saint Germain Jersey Neymar,₹319,Available,-,Not Available,Not Applicable,https://www.amazon.in/Infinity-Sports-Germain-Jersey-Neymar/dp/B09P44DVJC/ref=sr_1_54?crid=2QMZCI1TWAD8P&keywords=football+t-shirts&qid=1659207727&sprefix=%2Caps%2C225&sr=8-54
54,Generic,Infinity Sports Ronaldo Football Jersey 2019-20 and Manchester United Home Football Jersey Ronaldo 7,₹479,Available,-,Not Available,Not Applicable,https://www.amazon.in/Infinity-Ronaldo-Football-2019-20-Manchester/dp/B0B6JF1MWD/ref=sr_1_55?crid=2QMZCI1TWAD8P&keywords=football+t-shirts&qid=1659207727&sprefix=%2Caps%2C225&sr=8-55
55,Generic,MANVI FASHION Men T-Shirt Regular,"₹2,999",Available,"Monday, August 8",30 Days Returns & Exchange,Not Applicable,https://www.amazon.in/gp/slredirect/picassoRedirect.html/ref=pa_sp_btf_aps_sr_pg1_1?ie=UTF8&adId=A019150735U4VCHDSW7ET&url=%2FMANVI-FASHION-Men-T-Shirt-Regular%2Fdp%2FB0B1B62WSZ%2Fref%3Dsr_1_56_sspa%3Fcrid%3D2QMZCI1TWAD8P%26keywords%3Dfootball%2Bt-shirts%26qid%3D1659207727%26sprefix%3D%252Caps%252C225%26sr%3D8-56-spons%26psc%3D1&qualifier=1659207727&id=2928327370543840&widgetName=sp_btf
56,CULTSPORT,Tempo Graphic Active T-Shirt,₹974,Available,"Sunday, August 7",30 Days Returns & Exchange,Not Applicable,https://www.amazon.in/gp/slredirect/picassoRedirect.html/ref=pa_sp_btf_aps_sr_pg1_1?ie=UTF8&adId=A0393768S1NG0INPY3OS&url=%2FCULTSPORT-Graphic-Active-T-Shirt-Turquoise_CS601732L_L%2Fdp%2FB09W5K6WMD%2Fref%3Dsr_1_57_sspa%3Fcrid%3D2QMZCI1TWAD8P%26keywords%3Dfootball%2Bt-shirts%26qid%3D1659207727%26sprefix%3D%252Caps%252C225%26sr%3D8-57-spons%26psc%3D1&qualifier=1659207727&id=2928327370543840&widgetName=sp_btf
57,Generic,Nakoda Creation Full Sleeve T-shirt RAUND neck,₹699,Only 1 left in stock.,+,30 Days Returns & Exchange,Not Applicable,https://www.amazon.in/gp/slredirect/picassoRedirect.html/ref=pa_sp_btf_aps_sr_pg1_1?ie=UTF8&adId=A07597662FLWUU54FHY9Q&url=%2FNakoda-Creation-Sleeve-T-shirt-RAUND%2Fdp%2FB0B7SLC436%2Fref%3Dsr_1_58_sspa%3Fcrid%3D2QMZCI1TWAD8P%26keywords%3Dfootball%2Bt-shirts%26qid%3D1659207727%26sprefix%3D%252Caps%252C225%26sr%3D8-58-spons%26psc%3D1&qualifier=1659207727&id=2928327370543840&widgetName=sp_btf
58,STAND OUT,Lord Shiva | Krishna | Adiyogi | Sadhguru | Isha Gods Printed T-Shirt,₹999,Only 4 left in stock.,"Friday, 5 August",30 Days Returns & Exchange,Not Applicable,https://www.amazon.in/gp/slredirect/picassoRedirect.html/ref=pa_sp_btf_aps_sr_pg1_1?ie=UTF8&adId=A04650072RRNYBYJZDJ6D&url=%2FSTAND-OUT-Krishna-Adiyogi-Sadhguru%2Fdp%2FB0B2NCXZK1%2Fref%3Dsr_1_59_sspa%3Fcrid%3D2QMZCI1TWAD8P%26keywords%3Dfootball%2Bt-shirts%26qid%3D1659207727%26sprefix%3D%252Caps%252C225%26sr%3D8-59-spons%26psc%3D1&qualifier=1659207727&id=2928327370543840&widgetName=sp_btf
59,BISHOP COTTON,Men's Printed Cotton Short Sleeves Round Neck T-Shirt,₹299,Only 5 left in stock.,"Friday, August 5 on your first order in this category",30 Days Returns & Exchange,Not Applicable,https://www.amazon.in/gp/slredirect/picassoRedirect.html/ref=pa_sp_btf_aps_sr_pg1_1?ie=UTF8&adId=A022612710GMK6RFC4QUI&url=%2FBlack-Printed-Cotton-Sleeves-T-Shirt%2Fdp%2FB08CRKNCYD%2Fref%3Dsr_1_60_sspa%3Fcrid%3D2QMZCI1TWAD8P%26keywords%3Dfootball%2Bt-shirts%26qid%3D1659207727%26sprefix%3D%252Caps%252C225%26sr%3D8-60-spons%26psc%3D1%26smid%3DAP32M38LOL6Y6&qualifier=1659207727&id=2928327370543840&widgetName=sp_btf
60,Maniac,"Colorblock Men's Zip Round Neck Black, Dgrey Polyester T-Shirt",₹379,Available,"Tuesday, August 9 on your first order in this category",30 Days Returns & Exchange,Not Applicable,https://www.amazon.in/gp/slredirect/picassoRedirect.html/ref=pa_sp_atf_next_aps_sr_pg2_1?ie=UTF8&adId=A09917873O4D0EDH3C6LI&url=%2FManiac-Colorblock-Mens-Round-Polyester-T-Shirt%2Fdp%2FB09M6QQWB7%2Fref%3Dsr_1_49_sspa%3Fcrid%3D2QMZCI1TWAD8P%26keywords%3Dfootball%2Bt-shirts%26qid%3D1659207915%26sprefix%3D%252Caps%252C225%26sr%3D8-49-spons%26psc%3D1&qualifier=1659207915&id=1577982739277096&widgetName=sp_atf_next
61,Generic,MANVI FASHION Men T-Shirt Regular,"₹2,999",Available,"Monday, August 8",30 Days Returns & Exchange,Not Applicable,https://www.amazon.in/gp/slredirect/picassoRedirect.html/ref=pa_sp_atf_next_aps_sr_pg2_1?ie=UTF8&adId=A0192187T5CEWXRJN97K&url=%2FMANVI-FASHION-Men-T-Shirt-Regular%2Fdp%2FB0B1B55HQ4%2Fref%3Dsr_1_50_sspa%3Fcrid%3D2QMZCI1TWAD8P%26keywords%3Dfootball%2Bt-shirts%26qid%3D1659207915%26sprefix%3D%252Caps%252C225%26sr%3D8-50-spons%26psc%3D1&qualifier=1659207915&id=1577982739277096&widgetName=sp_atf_next
62,Generic,Nakoda Creation Full Sleeve T-shirt,₹699,Only 1 left in stock.,+,30 Days Returns & Exchange,Not Applicable,https://www.amazon.in/gp/slredirect/picassoRedirect.html/ref=pa_sp_atf_next_aps_sr_pg2_1?ie=UTF8&adId=A078000639CFY8ZHMOU2A&url=%2FNakoda-Creation-Full-Sleeve-T-shirt%2Fdp%2FB0B7SMG7KC%2Fref%3Dsr_1_51_sspa%3Fcrid%3D2QMZCI1TWAD8P%26keywords%3Dfootball%2Bt-shirts%26qid%3D1659207915%26sprefix%3D%252Caps%252C225%26sr%3D8-51-spons%26psc%3D1&qualifier=1659207915&id=1577982739277096&widgetName=sp_atf_next
63,Generic,Nakoda Creation Full Sleeve T-shirt Grey Color,₹699,Only 1 left in stock.,+,30 Days Returns & Exchange,Not Applicable,https://www.amazon.in/gp/slredirect/picassoRedirect.html/ref=pa_sp_atf_next_aps_sr_pg2_1?ie=UTF8&adId=A078083032S4GLH144SH5&url=%2FNakoda-Creation-Sleeve-T-shirt-Color%2Fdp%2FB0B7SML25R%2Fref%3Dsr_1_52_sspa%3Fcrid%3D2QMZCI1TWAD8P%26keywords%3Dfootball%2Bt-shirts%26qid%3D1659207915%26sprefix%3D%252Caps%252C225%26sr%3D8-52-spons%26psc%3D1&qualifier=1659207915&id=1577982739277096&widgetName=sp_atf_next
64,Generic,Infinity Sports Manchester United Third kit Football Jersey Ronaldo 7,₹349,Available,-,Not Available,Not Applicable,https://www.amazon.in/Infinity-Sports-Manchester-Football-Ronaldo/dp/B0B4W4VS8X/ref=sr_1_53?crid=2QMZCI1TWAD8P&keywords=football+t-shirts&qid=1659207915&sprefix=%2Caps%2C225&sr=8-53
65,Generic,Infinity Sports Manchester United Home Football Jersey Ronaldo 7 Full Sleeves,₹379,Available,-,Not Available,Not Applicable,https://www.amazon.in/Infinity-Manchester-Football-Ronaldo-Sleeves/dp/B0B58HNNYY/ref=sr_1_54?crid=2QMZCI1TWAD8P&keywords=football+t-shirts&qid=1659207915&sprefix=%2Caps%2C225&sr=8-54
66,Tee Mafia,Unisex hala Madrid Football Combo of Sipper Bottle and T-Shirts| hala Madrid T-Shirt| hala Madrid Sipper Bottle,₹649,Available,-,Not Available,Not Applicable,https://www.amazon.in/Tee-Mafia-Football-T-Shirts-T-Shirt/dp/B07XP3MD3K/ref=sr_1_55?crid=2QMZCI1TWAD8P&keywords=football+t-shirts&qid=1659207915&sprefix=%2Caps%2C225&sr=8-55
67,NEVER LOSE,"Men's Athletic Fit Compression Full Sleeve Plain T-shirt for Multi Sports Cycling, Cricket, Football, Badminton & Fitness",₹429,Available,-,Not Available,Not Applicable,https://www.amazon.in/Never-Lose-Compression-Athletic-Badminton/dp/B07TC4387R/ref=sr_1_56?crid=2QMZCI1TWAD8P&keywords=football+t-shirts&qid=1659207915&sprefix=%2Caps%2C225&sr=8-56
68,Generic,Infinity Sports Liverpool Football Jersey m Salah 11 Full Sleeves,₹369,Available,-,Not Available,Not Applicable,https://www.amazon.in/Infinity-Sports-Liverpool-Football-Sleeves/dp/B09TH8FX2T/ref=sr_1_57?crid=2QMZCI1TWAD8P&keywords=football+t-shirts&qid=1659207915&sprefix=%2Caps%2C225&sr=8-57
69,Sportyway,Man Uni Football New Red Jersey Set T-Shirt and Shorts,₹649,Available,-,Not Available,Not Applicable,https://www.amazon.in/Football-Jersey-T-Shirt-Shorts-Medium/dp/B09KJFS734/ref=sr_1_58?crid=2QMZCI1TWAD8P&keywords=football+t-shirts&qid=1659207915&sprefix=%2Caps%2C225&sr=8-58
70,Generic,Sportyway Liverpool red Football Jersey Set T-Shirt and Shorts,₹599,Available,-,Not Available,Not Applicable,https://www.amazon.in/Sportyway-Liverpool-Football-Jersey-T-Shirt/dp/B09PJJ2ZSQ/ref=sr_1_59?crid=2QMZCI1TWAD8P&keywords=football+t-shirts&qid=1659207915&sprefix=%2Caps%2C225&sr=8-59
71,Generic,Infinity Sports Manchester United Away Football Jersey and Manchester United Third Football Jersey,₹479,Available,-,Not Available,Not Applicable,https://www.amazon.in/Infinity-Sports-Manchester-United-Football/dp/B09V1BTK18/ref=sr_1_60?crid=2QMZCI1TWAD8P&keywords=football+t-shirts&qid=1659207915&sprefix=%2Caps%2C225&sr=8-60
72,BODYSPORTS.CO,Argentina Black COPA America Football Jersey,₹399,Available,-,Not Available,Not Applicable,https://www.amazon.in/BODYSPORTS-CO-Argentina-America-Football-Jersey/dp/B0B3TN15RK/ref=sr_1_61?crid=2QMZCI1TWAD8P&keywords=football+t-shirts&qid=1659207915&sprefix=%2Caps%2C225&sr=8-61
73,Real Basics,Boy's Regular Tshirt(Pack of 1),₹399,Available,-,Not Available,Not Applicable,https://www.amazon.in/Real-Basics-Fullsleeve-Regular-Football/dp/B08LCHXKVV/ref=sr_1_62?crid=2QMZCI1TWAD8P&keywords=football+t-shirts&qid=1659207915&sprefix=%2Caps%2C225&sr=8-62
74,Li-Ning,Round Neck Badminton T-Shirts,₹899,Available," Sunday, August 7",10 Days Returnable,Not Applicable,https://www.amazon.in/Li-Ning-Round-Neck-Badminton-T-Shirts/dp/B0B58TDP4W/ref=sr_1_63?crid=2QMZCI1TWAD8P&keywords=football+t-shirts&qid=1659207915&sprefix=%2Caps%2C225&sr=8-63
75,Daily Orders,Soccer t-Shirts for Men Football Jersey with My Name Printed Football Jersey for Men Under 400 Soccer Jersey Customized Personalized Football Jersey with Name DOdr1008-C901159-C-WH,₹399,Available,-,Not Available,Not Applicable,https://www.amazon.in/Daily-Orders-Customized-Personalized-DOdr1008-C901159-C-WH-L/dp/B09MFXQ4RC/ref=sr_1_64?crid=2QMZCI1TWAD8P&keywords=football+t-shirts&qid=1659207915&sprefix=%2Caps%2C225&sr=8-64
76,Adidas,Boy's Regular T-Shirt,₹800,Available,-,Not Available,Not Applicable,https://www.amazon.in/Adidas-Regular-T-Shirt-FQ6887_White-Small/dp/B08C7CP3DS/ref=sr_1_65?crid=2QMZCI1TWAD8P&keywords=football+t-shirts&qid=1659207915&sprefix=%2Caps%2C225&sr=8-65
77,Qiddo,Sports Girls T-Shirt,₹630,Available,-,Not Available,Not Applicable,https://www.amazon.in/Qiddo-Dazzling-Graphic-T-Shirt-Years/dp/B09MKWP6X5/ref=sr_1_66?crid=2QMZCI1TWAD8P&keywords=football+t-shirts&qid=1659207915&sprefix=%2Caps%2C225&sr=8-66
78,Qiddo,Sports Boys T-Shirt,₹630,Available,-,Not Available,Not Applicable,https://www.amazon.in/Qiddo-Athletic-Running-Lemon-T-Shirt/dp/B09MJHW4Z3/ref=sr_1_67?crid=2QMZCI1TWAD8P&keywords=football+t-shirts&qid=1659207915&sprefix=%2Caps%2C225&sr=8-67
79,Bodysports.co,Manchester Football Jersey Embroidered Logo,₹305,Available,-,Not Available,Not Applicable,https://www.amazon.in/Bodysports-co-Manchester-Football-Jersey-Embroidered/dp/B09LZB3P2N/ref=sr_1_68?crid=2QMZCI1TWAD8P&keywords=football+t-shirts&qid=1659207915&sprefix=%2Caps%2C225&sr=8-68
80,Generic,Nakoda Creation Full Sleeve T-shirt Round neck,₹699,Only 1 left in stock.,+,30 Days Returns & Exchange,Not Applicable,https://www.amazon.in/gp/slredirect/picassoRedirect.html/ref=pa_sp_mtf_aps_sr_pg2_1?ie=UTF8&adId=A07821582BRHPATFIP86A&url=%2FNakoda-Creation-Sleeve-T-shirt-Round%2Fdp%2FB0B7SQF9VC%2Fref%3Dsr_1_69_sspa%3Fcrid%3D2QMZCI1TWAD8P%26keywords%3Dfootball%2Bt-shirts%26qid%3D1659207915%26sprefix%3D%252Caps%252C225%26sr%3D8-69-spons%26psc%3D1&qualifier=1659207915&id=1577982739277096&widgetName=sp_mtf
81,Generic,Nakoda Creation Full Sleeve T-shirt Round Neck,₹699,Only 1 left in stock.,+,30 Days Returns & Exchange,Not Applicable,https://www.amazon.in/gp/slredirect/picassoRedirect.html/ref=pa_sp_mtf_aps_sr_pg2_1?ie=UTF8&adId=A078074237EU40BHBI45Y&url=%2FNakoda-Creation-Sleeve-T-shirt-Round%2Fdp%2FB0B7SLBS5C%2Fref%3Dsr_1_70_sspa%3Fcrid%3D2QMZCI1TWAD8P%26keywords%3Dfootball%2Bt-shirts%26qid%3D1659207915%26sprefix%3D%252Caps%252C225%26sr%3D8-70-spons%26psc%3D1&qualifier=1659207915&id=1577982739277096&widgetName=sp_mtf
82,Jump Cuts,"Men's Printed Round Neck Fullsleeve Yellow, Black Cotton Tshirt",₹349,Available,"Saturday, 6 August on your first order in this category",30 Days Returns & Exchange,Not Applicable,https://www.amazon.in/gp/slredirect/picassoRedirect.html/ref=pa_sp_mtf_aps_sr_pg2_1?ie=UTF8&adId=A0884265U7N4Y3F4L4K3&url=%2FJump-Cuts-Printed-Fullsleeve-Cotton%2Fdp%2FB09Y3KM86M%2Fref%3Dsr_1_71_sspa%3Fcrid%3D2QMZCI1TWAD8P%26keywords%3Dfootball%2Bt-shirts%26qid%3D1659207915%26sprefix%3D%252Caps%252C225%26sr%3D8-71-spons%26psc%3D1&qualifier=1659207915&id=1577982739277096&widgetName=sp_mtf
83,Generic,"Nakoda Creation Full Sleeve T-shirt, Raund Neck",₹699,Only 1 left in stock.,+,30 Days Returns & Exchange,Not Applicable,https://www.amazon.in/gp/slredirect/picassoRedirect.html/ref=pa_sp_mtf_aps_sr_pg2_1?ie=UTF8&adId=A0759054FD879H2RR3MI&url=%2FNakoda-Creation-Sleeve-T-shirt-Raund%2Fdp%2FB0B7SN9ZZ2%2Fref%3Dsr_1_72_sspa%3Fcrid%3D2QMZCI1TWAD8P%26keywords%3Dfootball%2Bt-shirts%26qid%3D1659207915%26sprefix%3D%252Caps%252C225%26sr%3D8-72-spons%26psc%3D1&qualifier=1659207915&id=1577982739277096&widgetName=sp_mtf
84,Generic,"Solid Polyester Men Round Neck Sleeveless Dry Fit T-Shirt with Attractive Logo for Gym/Running/Cycling/Football/Casual – Pack of 2 (Maroon, Grey)",₹279,Available,-,Not Available,Not Applicable,https://www.amazon.in/Polyester-Sleeveless-T-Shirt-Attractive-Football/dp/B09ZLNYD1M/ref=sr_1_73?crid=2QMZCI1TWAD8P&keywords=football+t-shirts&qid=1659207915&sprefix=%2Caps%2C225&sr=8-73
85,VnM,Men's & Women's FCB Forca Barca Football Printed Cotton Full Sleeve T-Shirt,₹699,Available,-,Not Available,Not Applicable,https://www.amazon.in/VnM-Womens-Football-Printed-T-Shirt/dp/B09R4PHQLT/ref=sr_1_74?crid=2QMZCI1TWAD8P&keywords=football+t-shirts&qid=1659207915&sprefix=%2Caps%2C225&sr=8-74
86,ATICX,"ActiWear Polyester Camouflage Muscle Tee for Men - Sleeveless Sports T-Shirt for Gym, Running, Cycling, Football, Basketball - 4 Way Stretch Lycra Sando Top Tank",₹475,Available,-,Not Available,Not Applicable,https://www.amazon.in/ATICX-Polyester-Actiwear-Technology-Musteecamo-01/dp/B08XMFPZ1G/ref=sr_1_75?crid=2QMZCI1TWAD8P&keywords=football+t-shirts&qid=1659207915&sprefix=%2Caps%2C225&sr=8-75
87,Bon Organik,Boy's Regular Fit T-Shirt,₹549,Available,-,Not Available,Not Applicable,https://www.amazon.in/Bon-Organik-Regular-T-Shirt-BON7843_Multi3/dp/B0999NB62B/ref=sr_1_76?crid=2QMZCI1TWAD8P&keywords=football+t-shirts&qid=1659207915&sprefix=%2Caps%2C225&sr=8-76
88,Zesteez,Men's Slim Fit Shirt,₹449,Available," Friday, August 5",Not Available,Not Applicable,https://www.amazon.in/Zesteez-Compression-Athletic-Football-Badminton/dp/B07FRK8CKH/ref=sr_1_77?crid=2QMZCI1TWAD8P&keywords=football+t-shirts&qid=1659207915&sprefix=%2Caps%2C225&sr=8-77
89,Daily Orders,Kabaddi Jersey with Number and Name Printed Kabaddi kit for Boys Sport pro Kabaddi Jersey Full Set kabbadi t Shirts for Men Kabaddi Jersey Shorts Athletics Yoga DOdr1008-C901125-C-WH,₹649,Available,-,Not Available,Not Applicable,https://www.amazon.in/Daily-Orders-Kabaddi-Athletics-DOdr1008-C901125-C-WH-L/dp/B09MJ3NYDC/ref=sr_1_78?crid=2QMZCI1TWAD8P&keywords=football+t-shirts&qid=1659207915&sprefix=%2Caps%2C225&sr=8-78
90,Qiddo,Sports Girls T-Shirt,₹525,Available,-,Not Available,Not Applicable,https://www.amazon.in/Qiddo-Sports-T-Shirt-QG07B-12-13-Turquoise/dp/B08D95GGYC/ref=sr_1_79?crid=2QMZCI1TWAD8P&keywords=football+t-shirts&qid=1659207915&sprefix=%2Caps%2C225&sr=8-79
91,Daily Orders,Kabaddi Jersey with Number and Name Printed Kabaddi kit for Boys Sport pro Kabaddi Jersey Full Set kabbadi t Shirts for Men Kabaddi Jersey Shorts Athletics Yoga DOdr1008-C901121-C-WH,₹649,Available,-,Not Available,Not Applicable,https://www.amazon.in/Daily-Orders-Kabaddi-Athletics-DOdr1008-C901121-C-WH-M/dp/B09MJ3W57K/ref=sr_1_80?crid=2QMZCI1TWAD8P&keywords=football+t-shirts&qid=1659207915&sprefix=%2Caps%2C225&sr=8-80
92,Generic,Yoga Clothes Workout T-Shirt Women Sport Training Short-Red-Parent,--,Available,-,10 Days Returnable,Not Applicable,https://www.amazon.in/Generic-clothes-Workout-Training-Short-Red-Medium/dp/B077VMKMTV/ref=sr_1_81?crid=2QMZCI1TWAD8P&keywords=football+t-shirts&qid=1659207915&sprefix=%2Caps%2C225&sr=8-81
93,Triumph,Men’s T-Shirt for Sports Polyester Regular Fit Sportee Workout Activewear Fitness Gym & Running Quick Dry Round Neck Jersey Multi-Sport Half Sleeve Shirt,₹522,Available,-,Not Available,Not Applicable,https://www.amazon.in/Triumph-T-Shirt-Polyester-Activewear-Multi-Sport/dp/B08ZYSW2V2/ref=sr_1_82?crid=2QMZCI1TWAD8P&keywords=football+t-shirts&qid=1659207915&sprefix=%2Caps%2C225&sr=8-82
94,ARIEL,Boy's Regular Tshirt(Pack of 1),₹349,Available,-,Not Available,Not Applicable,https://www.amazon.in/ARIEL-Fullsleeve-Tshirt-Regular-Football/dp/B08LKNKX1H/ref=sr_1_83?crid=2QMZCI1TWAD8P&keywords=football+t-shirts&qid=1659207915&sprefix=%2Caps%2C225&sr=8-83
95,S-Mark,Cricket T-Shirt Half-Sleeves (Cotton),₹420,Available," Saturday, August 6",10 day Refund/Replacement,Not Applicable,https://www.amazon.in/S-Mark-Cricket-T-Shirt-Half-Sleeves-Cotton/dp/B00VUU4WOE/ref=sr_1_84?crid=2QMZCI1TWAD8P&keywords=football+t-shirts&qid=1659207915&sprefix=%2Caps%2C225&sr=8-84
96,Triumph,Men's Running Regular Fit T-Shirt Jersey T-Shirt Fitness Workout t Shirt Joggers Jersey Jogging Tshirt Jersey Men's Solid Regular Fit Half Sleeve Polyester T-Shirt Sports tees,₹749,Available,-,Not Available,Not Applicable,https://www.amazon.in/Triumph-Running-Regular-T-Shirt-Polyester/dp/B097C6LX3L/ref=sr_1_85?crid=2QMZCI1TWAD8P&keywords=football+t-shirts&qid=1659207915&sprefix=%2Caps%2C225&sr=8-85
97,CupidStore,Football Half Sleeves T Shirts - Cristiano Ronaldo | Ronaldo 7 | CR7 Premium Cotton Half-Sleeves Tshirt for Mens,₹499,Available,-,Not Available,Not Applicable,https://www.amazon.in/CupidStore-Football-Half-Sleeves-Shirts/dp/B086N16NHD/ref=sr_1_86?crid=2QMZCI1TWAD8P&keywords=football+t-shirts&qid=1659207915&sprefix=%2Caps%2C225&sr=8-86
98,ATICX,"ActiWear Polyester Muscle Tee for Men - Sleeveless Sports T-Shirt for Gym, Running, Cycling, Football, Basketball - 4 Way Stretch Lycra Sando Top Tank",₹435,Available,-,Not Available,Not Applicable,https://www.amazon.in/ATICX-ActiWear-Polyester-Muscle-Tee/dp/B09YXMX9QD/ref=sr_1_87?crid=2QMZCI1TWAD8P&keywords=football+t-shirts&qid=1659207915&sprefix=%2Caps%2C225&sr=8-87
99,SG,T-Shirt WMN SG RN WTSSR046 Navy L,₹500,Available," Tuesday, August 2",10 Days Replacement,Not Applicable,https://www.amazon.in/T-Shirt-WMN-SG-WTSSR046-Navy/dp/B096BB626W/ref=sr_1_88?crid=2QMZCI1TWAD8P&keywords=football+t-shirts&qid=1659207915&sprefix=%2Caps%2C225&sr=8-88
100,B-TUF,Men's Compression T-Shirt Top Skin Tight Fit Lycra Half Sleeve for Gym Cricket Football Badminton Outdoor Inner Sports Wear (Black) BT-61,₹699,Available,-,Not Available,Not Applicable,https://www.amazon.in/B-TUF-Compression-T-Shirt-Football-Badminton/dp/B07NCXDT56/ref=sr_1_89?crid=2QMZCI1TWAD8P&keywords=football+t-shirts&qid=1659207915&sprefix=%2Caps%2C225&sr=8-89
101,Li-Ning,Training Polo Badminton Tshirt,₹499,Available," Sunday, August 7",10 Days Returnable,Not Applicable,https://www.amazon.in/Li-Ning-Training-Polo-Badminton-Tshirt/dp/B09WDRWXST/ref=sr_1_90?crid=2QMZCI1TWAD8P&keywords=football+t-shirts&qid=1659207915&sprefix=%2Caps%2C225&sr=8-90
102,NEVER LOSE,"Women Compression T-Shirt Top Plain Athletic Fit Multi Sports Cycling, Cricket, Football, Badminton, Gym",₹399,Available,-,Not Available,Not Applicable,https://www.amazon.in/NEVER-LOSE-Compression-Athletic-Badminton/dp/B09Y36HMPK/ref=sr_1_91?crid=2QMZCI1TWAD8P&keywords=football+t-shirts&qid=1659207915&sprefix=%2Caps%2C225&sr=8-91
103,Daily Orders,volleyball jersey set for men sports | sleeveless jersey shorts set for men basketball | sleeveless jersey and shorts for men football team vvolleyball tshirt and shorts combo DOdr1008-C901146-C-WH,₹649,Available,-,Not Available,Not Applicable,https://www.amazon.in/volleyball-sleeveless-basketball-vvolleyball-DOdr1008-C901146-C-WH-XL/dp/B09MJNSG19/ref=sr_1_92?crid=2QMZCI1TWAD8P&keywords=football+t-shirts&qid=1659207915&sprefix=%2Caps%2C225&sr=8-92
104,Daily Orders,"Cricket Sports Jersey for Men with Team Name, Name and Number Printed | Cricket t Shirts for Men Printed with Name | Cricket Jersey with My Name DOdr1009-C90180-C-WH",₹399,Available,-,Not Available,Not Applicable,https://www.amazon.in/Daily-Orders-Cricket-Printed-DOdr1009-C90180-C-WH-M/dp/B09KN5GF8R/ref=sr_1_93?crid=2QMZCI1TWAD8P&keywords=football+t-shirts&qid=1659207915&sprefix=%2Caps%2C225&sr=8-93
105,YONEX,Round Neck Badminton Tshirt,₹650,Available," Sunday, August 7",10 Days Returnable,Not Applicable,https://www.amazon.in/Badminton-Sports-T-Shirt-Orange-Directoire/dp/B09RGZTB4S/ref=sr_1_94?crid=2QMZCI1TWAD8P&keywords=football+t-shirts&qid=1659207915&sprefix=%2Caps%2C225&sr=8-94
106,NEVER LOSE,Men's Compression Ultima T-Shirt Top Skin Tights Fit Lycra Inner Wear Full Sleeve for Gym Cricket Football Badminton Sports,₹424,Available,-,Returns Policy,Not Applicable,https://www.amazon.in/NEVER-LOSE-Compression-Football-Badminton/dp/B08FTK869H/ref=sr_1_95?crid=2QMZCI1TWAD8P&keywords=football+t-shirts&qid=1659207915&sprefix=%2Caps%2C225&sr=8-95
107,Puma,Pume Men's T-Shirt,"₹2,279",Available,-,Not Available,Not Applicable,https://www.amazon.in/Puma-T-Shirt-4053984696673-74644601_High-Red-White_L/dp/B00JLJQ63G/ref=sr_1_96?crid=2QMZCI1TWAD8P&keywords=football+t-shirts&qid=1659207915&sprefix=%2Caps%2C225&sr=8-96
108,NEVER LOSE,Men's Compression Ultima T-Shirt Top Skin Tights Fit Lycra Inner Wear Full Sleeve for Gym Cricket Football Badminton Sports Combo (Pack of 2),₹649,Available,-,Not Available,Not Applicable,https://www.amazon.in/NEVER-LOSE-Compression-Football-Badminton/dp/B09YNRBM8M/ref=sr_1_97?crid=2QMZCI1TWAD8P&keywords=football+t-shirts&qid=1659207915&sprefix=%2Caps%2C225&sr=8-97
109,ATICX,"ActiWear Polyester Slim Fit Half Sleeve Sports T-Shirt for Men - Round Neck Jersey for Gym, Running, Cycling, Football, Basketball",₹485,Available,-,Not Available,Not Applicable,https://www.amazon.in/ATICX-Polyester-Actiwear-T-Shirt-Flexsleeveshirt04/dp/B08VN5X9XM/ref=sr_1_98?crid=2QMZCI1TWAD8P&keywords=football+t-shirts&qid=1659207915&sprefix=%2Caps%2C225&sr=8-98
110,Campus Sutra,"Men's Striped Mandarin Collar Thumb Hole Gym, Running, Football Jersey T-Shirt (Grey and Charcoal, Medium)",₹499,Available,"Sunday, August 7",30 Days Returns & Exchange,Not Applicable,https://www.amazon.in/Campus-Sutra-Mandarin-Football-Charcoal/dp/B085C56STM/ref=sr_1_99?crid=2QMZCI1TWAD8P&keywords=football+t-shirts&qid=1659207915&sprefix=%2Caps%2C225&sr=8-99
111,CHKOKKO,Men's Round Neck Gym T-Shirt Black L,₹295,Available,"Saturday, 6 August on your first order in this category",30 Days Returns & Exchange,Not Applicable,https://www.amazon.in/CHKOKKO-Mens-Round-T-Shirt-Black/dp/B09F973YJX/ref=sr_1_100?crid=2QMZCI1TWAD8P&keywords=football+t-shirts&qid=1659207915&sprefix=%2Caps%2C225&sr=8-100
112,Under Armour,Men's Plain Loose Fit T-Shirt,--,Available,-,Not Available,Not Applicable,https://www.amazon.in/Under-Armour-Zip-up-Mineral-Black/dp/B086ZMGHRV/ref=sr_1_101?crid=2QMZCI1TWAD8P&keywords=football+t-shirts&qid=1659207915&sprefix=%2Caps%2C225&sr=8-101
113,Daily Orders,Soccer t-Shirts for Men Football Jersey with My Name Printed Football Jersey for Men Under 400 Soccer Jersey Customized Personalized Football Jersey with Name DOdr1008-C901152-C-WH,₹399,Available,-,Not Available,Not Applicable,https://www.amazon.in/Daily-Orders-Customized-Personalized-DOdr1008-C901152-C-WH-S/dp/B09MFYZN47/ref=sr_1_102?crid=2QMZCI1TWAD8P&keywords=football+t-shirts&qid=1659207915&sprefix=%2Caps%2C225&sr=8-102
114,Just rider,Men's Compression T-Shirt Top Skin Tights Fit Lycra Inner Wear Full Sleeve for Gym Cricket Football Badminton Sports,₹479,Available," Friday, August 5",Not Available,Not Applicable,https://www.amazon.in/JUST-RIDER-Compression-Football-Badminton/dp/B08GH96C3C/ref=sr_1_103?crid=2QMZCI1TWAD8P&keywords=football+t-shirts&qid=1659207915&sprefix=%2Caps%2C225&sr=8-103
115,Daily Orders,India Team Jersey 2021 t20 World Cup ODI for Men with Team Name Name and Number Printed | Cricket Sports Jersey | Cricket Jersey with My Name Official DOdr1008-C901147-C-WH,₹399,Available,-,Not Available,Not Applicable,https://www.amazon.in/Daily-Orders-Customized-Personalized-DOdr1008-C901147-C-WH-S/dp/B09MFYQT6S/ref=sr_1_104?crid=2QMZCI1TWAD8P&keywords=football+t-shirts&qid=1659207915&sprefix=%2Caps%2C225&sr=8-104
116,Lee,Rust Printed Regular Fit Tshirt,₹560,Available,"Friday, 5 August",30 Days Returns & Exchange,Not Applicable,https://www.amazon.in/gp/slredirect/picassoRedirect.html/ref=pa_sp_btf_aps_sr_pg2_1?ie=UTF8&adId=A010774924IUC4QNHI6RS&url=%2FLee-Printed-Regular-T-Shirt-LMTS000314_M_Rust%2Fdp%2FB09FLTNJBR%2Fref%3Dsr_1_105_sspa%3Fcrid%3D2QMZCI1TWAD8P%26keywords%3Dfootball%2Bt-shirts%26qid%3D1659207915%26sprefix%3D%252Caps%252C225%26sr%3D8-105-spons%26psc%3D1&qualifier=1659207915&id=1577982739277096&widgetName=sp_btf
117,DAMENSCH,T-Shirt,₹394,Available,"Monday, August 8 on your first order in this category",30 Days Returns & Exchange,Not Applicable,https://www.amazon.in/gp/slredirect/picassoRedirect.html/ref=pa_sp_btf_aps_sr_pg2_1?ie=UTF8&adId=A095464324JX9O1X71JG6&url=%2FDAMENSCH-Better-Basics-Solid-Shirt%2Fdp%2FB09GG5QMHG%2Fref%3Dsr_1_106_sspa%3Fcrid%3D2QMZCI1TWAD8P%26keywords%3Dfootball%2Bt-shirts%26qid%3D1659207915%26sprefix%3D%252Caps%252C225%26sr%3D8-106-spons%26psc%3D1&qualifier=1659207915&id=1577982739277096&widgetName=sp_btf
118,Lee,Men Solid Cotton Olive Tshirt,₹639,Only 2 left in stock.,"Friday, August 5",30 Days Returns & Exchange,Not Applicable,https://www.amazon.in/gp/slredirect/picassoRedirect.html/ref=pa_sp_btf_aps_sr_pg2_1?ie=UTF8&adId=A01076493U7KOR5HS150L&url=%2FLee-Solid-Cotton-Olive-Tshirt%2Fdp%2FB09FQ5W7K8%2Fref%3Dsr_1_107_sspa%3Fcrid%3D2QMZCI1TWAD8P%26keywords%3Dfootball%2Bt-shirts%26qid%3D1659207915%26sprefix%3D%252Caps%252C225%26sr%3D8-107-spons%26psc%3D1&qualifier=1659207915&id=1577982739277096&widgetName=sp_btf
119,Generic,"Nakoda Creation Full Sleeve T-shirt Round Neck,",₹699,Only 1 left in stock.,+,30 Days Returns & Exchange,Not Applicable,https://www.amazon.in/gp/slredirect/picassoRedirect.html/ref=pa_sp_btf_aps_sr_pg2_1?ie=UTF8&adId=A07812982XFOTFH1C2GFU&url=%2FNakoda-Creation-Sleeve-T-shirt-Round%2Fdp%2FB0B7SPMK2W%2Fref%3Dsr_1_108_sspa%3Fcrid%3D2QMZCI1TWAD8P%26keywords%3Dfootball%2Bt-shirts%26qid%3D1659207915%26sprefix%3D%252Caps%252C225%26sr%3D8-108-spons%26psc%3D1&qualifier=1659207915&id=1577982739277096&widgetName=sp_btf
120,Generic,Under 19 sports t shirt -size 26 to 36.,₹499,Only 1 left in stock.,August 6 - 7,Returns Policy,Not Applicable,https://www.amazon.in/gp/slredirect/picassoRedirect.html/ref=pa_sp_atf_next_aps_sr_pg3_1?ie=UTF8&adId=A0618080370ED3QBXXTUH&url=%2FUnder-sports-shirt-size-36%2Fdp%2FB0B2JZVGCT%2Fref%3Dsr_1_97_sspa%3Fcrid%3D2QMZCI1TWAD8P%26keywords%3Dfootball%2Bt-shirts%26qid%3D1659208112%26sprefix%3D%252Caps%252C225%26sr%3D8-97-spons%26psc%3D1&qualifier=1659208112&id=8546065642200714&widgetName=sp_atf_next
121,TRENDS TOWER,Pack of 2 Bio Wash Half Sleeve T-Shirts,₹619,Available,"Monday, August 8",30 Days Returns & Exchange,Not Applicable,https://www.amazon.in/gp/slredirect/picassoRedirect.html/ref=pa_sp_atf_next_aps_sr_pg3_1?ie=UTF8&adId=A09828633HTWINFSYUMGF&url=%2FTRENDS-TOWER-Sleeve-Maroon-T-Shirts%2Fdp%2FB09JPBWJSM%2Fref%3Dsr_1_98_sspa%3Fcrid%3D2QMZCI1TWAD8P%26keywords%3Dfootball%2Bt-shirts%26qid%3D1659208112%26sprefix%3D%252Caps%252C225%26sr%3D8-98-spons%26psc%3D1&qualifier=1659208112&id=8546065642200714&widgetName=sp_atf_next
122,COUPLESTUFF.IN,"Couple Men's & Women's Full Sleeve Cotton T Shirt - Pack of 2 (Slim Fit, Multicolor, Men - S to XXL, Women - S to XXL)",₹785,Available,"Friday, 5 August",30 Days Returns & Exchange,Not Applicable,https://www.amazon.in/gp/slredirect/picassoRedirect.html/ref=pa_sp_atf_next_aps_sr_pg3_1?ie=UTF8&adId=A07514741OPD0UOQ16M1C&url=%2FCOUPLESTUFF-Matching-Multicolour-Sleeve-T-Shirts%2Fdp%2FB08CKSQLHD%2Fref%3Dsr_1_99_sspa%3Fcrid%3D2QMZCI1TWAD8P%26keywords%3Dfootball%2Bt-shirts%26qid%3D1659208112%26sprefix%3D%252Caps%252C225%26sr%3D8-99-spons%26psc%3D1&qualifier=1659208112&id=8546065642200714&widgetName=sp_atf_next
123,Generic,"Abstract Mens T-Shirts for Casual, etc",₹599,Only 1 left in stock.,"Monday, August 8",30 Days Returns & Exchange,Not Applicable,https://www.amazon.in/gp/slredirect/picassoRedirect.html/ref=pa_sp_atf_next_aps_sr_pg3_1?ie=UTF8&adId=A04904433Q9BMENIQ34XI&url=%2FAbstract-T-Shirts-Casual-Small-White%2Fdp%2FB0B2PQ9LXN%2Fref%3Dsr_1_100_sspa%3Fcrid%3D2QMZCI1TWAD8P%26keywords%3Dfootball%2Bt-shirts%26qid%3D1659208112%26sprefix%3D%252Caps%252C225%26sr%3D8-100-spons%26psc%3D1&qualifier=1659208112&id=8546065642200714&widgetName=sp_atf_next
124,Generic,Portugal Red Jersey Ronaldo with Shorts,₹359,Available,-,Not Available,Not Applicable,https://www.amazon.in/Portugal-Jersey-Ronaldo-Shorts-8-9Years/dp/B0B7DK9GD7/ref=sr_1_101?crid=2QMZCI1TWAD8P&keywords=football+t-shirts&qid=1659208112&sprefix=%2Caps%2C225&sr=8-101
125,Puma,Men's Regular Fit T-Shirt,₹979,Available,"Monday, August 8",10 Days Returns & Exchange,Not Applicable,https://www.amazon.in/Cup-Jersey-Pepper-Green-White/dp/B07QMXGJ5V/ref=sr_1_102?crid=2QMZCI1TWAD8P&keywords=football+t-shirts&qid=1659208112&sprefix=%2Caps%2C225&sr=8-102
126,Tee Mafia,Unisex Juventus T-Shirts |Football T-Shirts| Cristiano Ronaldo T-Shirt| Sports t-Shirt|White-DF003-RONALDO-1-polyster,₹449,Available,-,Not Available,Not Applicable,https://www.amazon.in/Tee-Mafia-Juventus-Cristiano-White-DF003-RONALDO-1-polyster/dp/B08X24313G/ref=sr_1_103?crid=2QMZCI1TWAD8P&keywords=football+t-shirts&qid=1659208112&sprefix=%2Caps%2C225&sr=8-103
127,Bon Organik,Boys T-Shirt,₹549,Available,-,Not Available,Not Applicable,https://www.amazon.in/Bon-Organik-Regular-T-Shirt-BON7844_Multi4/dp/B0999KW28P/ref=sr_1_104?crid=2QMZCI1TWAD8P&keywords=football+t-shirts&qid=1659208112&sprefix=%2Caps%2C225&sr=8-104
128,The Desi Monk,Unisex Germany Champion Black T-Shirt with Print | FIFA World Cup Black T-Shirt | Football T-Shirt | Thomas Müller t-Shirt | FIFA22 Black Round Neck T- Shirt with Fanmade Print,₹494,Available,-,Not Available,Not Applicable,https://www.amazon.in/Desi-Monk-Germany-Champion-Football/dp/B0B4DT9MVY/ref=sr_1_105?crid=2QMZCI1TWAD8P&keywords=football+t-shirts&qid=1659208112&sprefix=%2Caps%2C225&sr=8-105
129,Montae,Germany Football Men's Graphic T-Shirt,₹597,Available,-,Not Available,Not Applicable,https://www.amazon.in/Montae-Germany-Football-Graphic-Tshirt/dp/B0B4F5RP51/ref=sr_1_106?crid=2QMZCI1TWAD8P&keywords=football+t-shirts&qid=1659208112&sprefix=%2Caps%2C225&sr=8-106
130,Daily Orders,Soccer t-Shirts for Men Football Jersey with My Name Printed Football Jersey for Men Under 400 Soccer Jersey Customized Personalized Football Jersey with Name DOdr1008-C901158-C-WH,₹399,Available,-,Not Available,Not Applicable,https://www.amazon.in/Daily-Orders-Customized-Personalized-DOdr1008-C901158-C-WH-L/dp/B09MFX7YX6/ref=sr_1_107?crid=2QMZCI1TWAD8P&keywords=football+t-shirts&qid=1659208112&sprefix=%2Caps%2C225&sr=8-107
131,ASICS,Women's Regular T-Shirt,"₹2,599",Available,-,Not Available,Not Applicable,https://www.amazon.in/ASICS-Womens-Regular-T-Shirt-2012A275-001_Performance/dp/B08DJ4KVKS/ref=sr_1_108?crid=2QMZCI1TWAD8P&keywords=football+t-shirts&qid=1659208112&sprefix=%2Caps%2C225&sr=8-108
132,Triumph,Men's Socer Football Tennis Badminton Running Gym Regular Fit T-Shirt Jersey T-Shirt Fitness Workout t Shirt Joggers Jogging Tshirt Jersey Half Sleeve Polyester T-Shirt Sports tees,₹749,Available,-,Not Available,Not Applicable,https://www.amazon.in/Triumph-football-Badminton-Running-Polyester/dp/B097C5WWD7/ref=sr_1_109?crid=2QMZCI1TWAD8P&keywords=football+t-shirts&qid=1659208112&sprefix=%2Caps%2C225&sr=8-109
133,HENCO,"Navy Blue Sports Dress/kit (T- Shirt & Short Combo) for Kabbadi,Multi Sports, Yoga, Volleyball, Football,Tennis,Cycling, Badminton, Gym & Fitness Wear for Men/Women, Boy/Girl",₹549,Available," Saturday, August 6",10 day Refund/Replacement,Not Applicable,https://www.amazon.in/HENCO-T-Shirt-Volleyball-Football-Badminton/dp/B083FZQV4K/ref=sr_1_110?crid=2QMZCI1TWAD8P&keywords=football+t-shirts&qid=1659208112&sprefix=%2Caps%2C225&sr=8-110
134,Generic,Infinity Sports Manchester United Home Jersey Ronaldo 7 Full Sleeves and PSG Home Jersey Full Sleeve,₹499,Available,-,Not Available,Not Applicable,https://www.amazon.in/Infinity-Sports-Manchester-Ronaldo-Sleeves/dp/B09W19XDBD/ref=sr_1_111?crid=2QMZCI1TWAD8P&keywords=football+t-shirts&qid=1659208112&sprefix=%2Caps%2C225&sr=8-111
135,Daily Orders,Kabaddi Jersey with Number and Name Printed Kabaddi kit for Boys Sport pro Kabaddi Jersey Full Set kabbadi t Shirts for Men Kabaddi Jersey Shorts Athletics Yoga DOdr1008-C901113-C-WH,₹649,Available,-,Not Available,Not Applicable,https://www.amazon.in/Daily-Orders-Kabaddi-Athletics-DOdr1008-C901113-C-WH-S/dp/B09MJ2RHGX/ref=sr_1_112?crid=2QMZCI1TWAD8P&keywords=football+t-shirts&qid=1659208112&sprefix=%2Caps%2C225&sr=8-112
136,Sportyway,Unisex Kids Argentina Football Jersey Set,₹599,Available," Saturday, August 6",Not Available,Not Applicable,https://www.amazon.in/Sportyway-Unisex-Argentina-Football-Polyester/dp/B07L7WM7Z5/ref=sr_1_113?crid=2QMZCI1TWAD8P&keywords=football+t-shirts&qid=1659208112&sprefix=%2Caps%2C225&sr=8-113
137,Tee Mafia,Unisex Barcelona Football Combo of Sipper Bottle and T-Shirts| Barcelona T-Shirt| Barcelona Sipper Bottle,₹649,Available,-,Not Available,Not Applicable,https://www.amazon.in/Tee-Mafia-Barcelona-Football-T-Shirts/dp/B07XP78QBG/ref=sr_1_114?crid=2QMZCI1TWAD8P&keywords=football+t-shirts&qid=1659208112&sprefix=%2Caps%2C225&sr=8-114
138,Daily Orders,Soccer t-Shirts for Men Football Jersey with My Name Printed Football Jersey for Men Under 400 Soccer Jersey Customized Personalized Football Jersey with Name DOdr1008-C901155-C-WH,₹399,Available,-,Not Available,Not Applicable,https://www.amazon.in/Daily-Orders-Customized-Personalized-DOdr1008-C901155-C-WH-S/dp/B09MFWRRN8/ref=sr_1_115?crid=2QMZCI1TWAD8P&keywords=football+t-shirts&qid=1659208112&sprefix=%2Caps%2C225&sr=8-115
139,CHRYSOLITE,"Mumbai City Football Club (MCFC) Fan Art Men's Cotton Round Neck Tshirt in Black, Navy Blue & Royal Blue",₹299,Available,-,Not Available,Not Applicable,https://www.amazon.in/CHRYSOLITE-Mumbai-Football-Cotton-Tshirt/dp/B0779DQXZ8/ref=sr_1_116?crid=2QMZCI1TWAD8P&keywords=football+t-shirts&qid=1659208112&sprefix=%2Caps%2C225&sr=8-116
140,TRENDS TOWER,Mens Full Sleeve Bio Wash Raglan Yellow Color T-Shirt,₹420,Available,"Thursday, 4 August",30 Days Returns & Exchange,Not Applicable,https://www.amazon.in/gp/slredirect/picassoRedirect.html/ref=pa_sp_mtf_aps_sr_pg3_1?ie=UTF8&adId=A09752833PKMI9NCIZLD&url=%2FTRENDS-TOWER-Sleeve-Raglan-T-Shirt%2Fdp%2FB08ZL37JTL%2Fref%3Dsr_1_117_sspa%3Fcrid%3D2QMZCI1TWAD8P%26keywords%3Dfootball%2Bt-shirts%26qid%3D1659208112%26sprefix%3D%252Caps%252C225%26sr%3D8-117-spons%26psc%3D1&qualifier=1659208112&id=8546065642200714&widgetName=sp_mtf
141,Lee,White Graphic Print Regular Fit Tshirt,₹599,Available,"Monday, 8 August",30 Days Returns & Exchange,Not Applicable,https://www.amazon.in/gp/slredirect/picassoRedirect.html/ref=pa_sp_mtf_aps_sr_pg3_1?ie=UTF8&adId=A01084851O79GR9NTQU30&url=%2FLee-Graphic-Regular-T-Shirt-LMTS000269_M_White%2Fdp%2FB09FLTKKP7%2Fref%3Dsr_1_118_sspa%3Fcrid%3D2QMZCI1TWAD8P%26keywords%3Dfootball%2Bt-shirts%26qid%3D1659208112%26sprefix%3D%252Caps%252C225%26sr%3D8-118-spons%26psc%3D1&qualifier=1659208112&id=8546065642200714&widgetName=sp_mtf
142,Generic,Rajendra T Shirt House Best Blue Boys T-Shirt Fully Cotton Material (8),--,Available,-,10 Days Returnable,Not Applicable,https://www.amazon.in/gp/slredirect/picassoRedirect.html/ref=pa_sp_mtf_aps_sr_pg3_1?ie=UTF8&adId=A05684663HVDYLVDS0YN1&url=%2FRajendra-Shirt-T-Shirt-Cotton-Material%2Fdp%2FB09YMFMY6W%2Fref%3Dsr_1_119_sspa%3Fcrid%3D2QMZCI1TWAD8P%26keywords%3Dfootball%2Bt-shirts%26qid%3D1659208112%26sprefix%3D%252Caps%252C225%26sr%3D8-119-spons%26psc%3D1&qualifier=1659208112&id=8546065642200714&widgetName=sp_mtf
143,Scott International,Men's Regular Fit T-Shirt (Pack of 3),₹471,Available,"Sunday, August 7 on your first order in this category",30 Days Returns & Exchange,Not Applicable,https://www.amazon.in/gp/slredirect/picassoRedirect.html/ref=pa_sp_mtf_aps_sr_pg3_1?ie=UTF8&adId=A044357336BP94VOPKYZV&url=%2FScott-International-Regular-T-Shirt-SS20-3RN-BU-GR-CH-XL_Multicolored_X-Large%2Fdp%2FB084L927MC%2Fref%3Dsr_1_120_sspa%3Fcrid%3D2QMZCI1TWAD8P%26keywords%3Dfootball%2Bt-shirts%26qid%3D1659208112%26sprefix%3D%252Caps%252C225%26sr%3D8-120-spons%26psc%3D1&qualifier=1659208112&id=8546065642200714&widgetName=sp_mtf
144,STAND OUT,Adiyogi | Isha | Black Shiva T-Shirt,₹599,Available,-,Not Available,Not Applicable,https://www.amazon.in/STAND-OUT-Adiyogi-T-Shirt-XX-Large/dp/B096QJLHD1/ref=sr_1_121?crid=2QMZCI1TWAD8P&keywords=football+t-shirts&qid=1659208112&sprefix=%2Caps%2C225&sr=8-121
145,Daily Orders,Soccer t-Shirts for Men Football Jersey with My Name Printed Football Jersey for Men Under 400 Soccer Jersey Customized Personalized Football Jersey with Name DOdr1008-C901149-C-WH,₹399,Available,-,Not Available,Not Applicable,https://www.amazon.in/Daily-Orders-Customized-Personalized-DOdr1008-C901149-C-WH-L/dp/B09MFYHMPC/ref=sr_1_122?crid=2QMZCI1TWAD8P&keywords=football+t-shirts&qid=1659208112&sprefix=%2Caps%2C225&sr=8-122
146,Real Basics,Boy's Regular Tshirt(Pack of 1),₹349,Available,-,Not Available,Not Applicable,https://www.amazon.in/Real-Basics-Fullsleeve-Regular-Football/dp/B08LD7DSQ8/ref=sr_1_123?crid=2QMZCI1TWAD8P&keywords=football+t-shirts&qid=1659208112&sprefix=%2Caps%2C225&sr=8-123
147,Generic,Infinity Sports Chelsea Football Jersey Full Sleeve 2021-22,₹359,Available,-,Not Available,Not Applicable,https://www.amazon.in/Infinity-Sports-Chelsea-Football-2021-22/dp/B0B5Y9HK8W/ref=sr_1_124?crid=2QMZCI1TWAD8P&keywords=football+t-shirts&qid=1659208112&sprefix=%2Caps%2C225&sr=8-124
148,CHKOKKO,Men's Regular Fit Full Sleeves Gym T-Shirt,₹284,Available,-,Not Available,Not Applicable,https://www.amazon.in/CHKOKKO-Polyester-Regular-Stretchable-T-shirt/dp/B07XKHD5YG/ref=sr_1_125?crid=2QMZCI1TWAD8P&keywords=football+t-shirts&qid=1659208112&sprefix=%2Caps%2C225&sr=8-125
149,NEVER LOSE,"Women Compression T-Shirt, Top Full Sleeve Plain Athletic Fit Multi Sports Cycling, Cricket, Football, Badminton, Gym, Fitness & Other Outdoor Inner Wear Size",₹499,Available,-,Not Available,Not Applicable,https://www.amazon.in/NEVER-LOSE-Compression-Athletic-Badminton/dp/B097L866KC/ref=sr_1_126?crid=2QMZCI1TWAD8P&keywords=football+t-shirts&qid=1659208112&sprefix=%2Caps%2C225&sr=8-126
150,WARRIOR,/ Triumph Polyester Full Sleeve Custom Soccer Goalie Jersey Boy Men's Football Jersey Soccer Goalkeeper Jersey Tshirt Football T-Shirt for Goalkeeper,₹999,Available,-,Not Available,Not Applicable,https://www.amazon.in/WARRIOR-Triumph-Polyester-Football-Goalkeeper/dp/B08Z8BPTY9/ref=sr_1_127?crid=2QMZCI1TWAD8P&keywords=football+t-shirts&qid=1659208112&sprefix=%2Caps%2C225&sr=8-127
151,NEVER LOSE,Men's Compression Ultima T-Shirt Top Skin Tights Fit Lycra Inner Wear Full Sleeve for Gym Cricket Football Badminton Sports Combo (Pack of 3),₹899,Available,-,Not Available,Not Applicable,https://www.amazon.in/NEVER-LOSE-Compression-Football-Badminton/dp/B09YNQT4CP/ref=sr_1_128?crid=2QMZCI1TWAD8P&keywords=football+t-shirts&qid=1659208112&sprefix=%2Caps%2C225&sr=8-128
152,Wobinobi,Boys T-Shirt Football Bicycle Kick 100% Cotton Boys T-Shirt,₹699,Available,-,Not Available,Not Applicable,https://www.amazon.in/Wobinobi-T-Shirt-Football-Bicycle-Cotton/dp/B0B4PC95RN/ref=sr_1_129?crid=2QMZCI1TWAD8P&keywords=football+t-shirts&qid=1659208112&sprefix=%2Caps%2C225&sr=8-129
153,OBOW,Boy's Yellow Football Cotton Printed Tshirt,₹399,Available,-,Not Available,Not Applicable,https://www.amazon.in/OBOW-Yellow-Football-Cotton-Printed/dp/B08JZD2QXB/ref=sr_1_130?crid=2QMZCI1TWAD8P&keywords=football+t-shirts&qid=1659208112&sprefix=%2Caps%2C225&sr=8-130
154,Generic,Infinity Sports Manchester United Away Jersey Ronaldo 7,₹349,Available,-,Not Available,Not Applicable,https://www.amazon.in/Infinity-Sports-Manchester-United-Ronaldo/dp/B09Q11B7DW/ref=sr_1_131?crid=2QMZCI1TWAD8P&keywords=football+t-shirts&qid=1659208112&sprefix=%2Caps%2C225&sr=8-131
155,281Z,Mens Thermal Lightweight Base Layer T-Shirt - Hiking Trekking Outdoor - Polartec Power Grid - Terrain Reliability Line,--,Available,-,Not Available,Not Applicable,https://www.amazon.in/281Z-Thermal-Lightweight-Layer-T-Shirt/dp/B082B4S81G/ref=sr_1_132?crid=2QMZCI1TWAD8P&keywords=football+t-shirts&qid=1659208112&sprefix=%2Caps%2C225&sr=8-132
156,Triumph,Men's Soccer Goalkeeper Jerseys Goalie T Shirt Light Blue,"₹1,199",Available,-,Not Available,Not Applicable,https://www.amazon.in/Triumph-Best-Soccer-Goalie-Jersey/dp/B08DRN2P2T/ref=sr_1_133?crid=2QMZCI1TWAD8P&keywords=football+t-shirts&qid=1659208112&sprefix=%2Caps%2C225&sr=8-133
157,ManHood,Men's Summer Regular Fit Half Sleeve Stretchable Dry Fit Camouflage Army Printed Synthetic Lycra Polo T-Shirt for Sports Gym Running Football.,₹399,Available,-,Not Available,Not Applicable,https://www.amazon.in/ManHood-Regular-Stretchable-Synthetic-Football/dp/B08YWBQTDF/ref=sr_1_134?crid=2QMZCI1TWAD8P&keywords=football+t-shirts&qid=1659208112&sprefix=%2Caps%2C225&sr=8-134
158,Harbour 9,Harbour 9 Boys Football Blue T Shirt,₹599,Available," Wednesday, August 10",10 Days Returnable,Not Applicable,https://www.amazon.in/Harbour-Boys-Football-Blue-Shirt/dp/B0B38RDXSH/ref=sr_1_135?crid=2QMZCI1TWAD8P&keywords=football+t-shirts&qid=1659208112&sprefix=%2Caps%2C225&sr=8-135
159,Adidas,Women's Regular T-Shirt,"₹1,439",Available,-,Not Available,Not Applicable,https://www.amazon.in/Adidas-Womens-Regular-T-Shirt-GM5935_Black/dp/B08CBK6VJZ/ref=sr_1_136?crid=2QMZCI1TWAD8P&keywords=football+t-shirts&qid=1659208112&sprefix=%2Caps%2C225&sr=8-136
160,Prink,Cristiano Ronaldo Printed T-Shirts | Cr7 T-Shirts for Ronaldo Fans | Football Printed Round Neck Tshirts for Men | Black Cotton Regular fit Tshirts |,₹499,Available,-,Not Available,Not Applicable,https://www.amazon.in/Prink-Cristiano-Ronaldo-T-Shirts-Football/dp/B09SB166QL/ref=sr_1_137?crid=2QMZCI1TWAD8P&keywords=football+t-shirts&qid=1659208112&sprefix=%2Caps%2C225&sr=8-137
161,Trendy Dukaan,Sports Jersey/Tshirts And Shorts For Boys And Girls,₹895,Available,-,Not Available,Not Applicable,https://www.amazon.in/Trendy-Dukaan-Sports-Jersey-Tshirts/dp/B09GPR3GJB/ref=sr_1_138?crid=2QMZCI1TWAD8P&keywords=football+t-shirts&qid=1659208112&sprefix=%2Caps%2C225&sr=8-138
162,WARRIOR,/ Triumph Half Sleeve Soccer Jersey for Mens Polyester Custom Sublimated Football Team Jersey Affordable Soccer Tshirt for Players,₹699,Available,-,Not Available,Not Applicable,https://www.amazon.in/WARRIOR-Polyester-Sublimated-Football-Affordable/dp/B08Z7QBPPW/ref=sr_1_139?crid=2QMZCI1TWAD8P&keywords=football+t-shirts&qid=1659208112&sprefix=%2Caps%2C225&sr=8-139
163,Daily Orders,volleyball jersey set for men sports | sleeveless jersey shorts set for men basketball | sleeveless jersey and shorts for men football team vvolleyball tshirt and shorts combo DOdr1008-C901142-C-WH,₹649,Available,-,Not Available,Not Applicable,https://www.amazon.in/volleyball-sleeveless-basketball-vvolleyball-DOdr1008-C901142-C-WH-L/dp/B09MJM5T39/ref=sr_1_140?crid=2QMZCI1TWAD8P&keywords=football+t-shirts&qid=1659208112&sprefix=%2Caps%2C225&sr=8-140
164,CHKOKKO,Men Plus Size Regular Fit Sports T-Shirt,₹399,Available,-,Not Available,Not Applicable,https://www.amazon.in/CHKOKKO-Sleeves-Regular-Sports-T-Shirt/dp/B0B1B37DN6/ref=sr_1_141?crid=2QMZCI1TWAD8P&keywords=football+t-shirts&qid=1659208112&sprefix=%2Caps%2C225&sr=8-141
165,Puma,Men T-Shirt,₹585,Available,-,Not Available,Not Applicable,https://www.amazon.in/Puma-Mens-Regular-Tee-58673706_Peacoat/dp/B098TMNLL5/ref=sr_1_142?crid=2QMZCI1TWAD8P&keywords=football+t-shirts&qid=1659208112&sprefix=%2Caps%2C225&sr=8-142
166,Puma,Women's Regular fit Sports T-Shirt,"₹1,325",Available,-,Not Available,Not Applicable,https://www.amazon.in/Puma-Regular-T-Shirt-51824801_Pink-Heather_S/dp/B07VV5Z9LC/ref=sr_1_143?crid=2QMZCI1TWAD8P&keywords=football+t-shirts&qid=1659208112&sprefix=%2Caps%2C225&sr=8-143
167,Sportyway,Argentina Football New Jersey Set T-Shirt and Shorts,₹649,Available,-,Not Available,Not Applicable,https://www.amazon.in/Sportyway-Argentina-Football-Jersey-T-Shirt/dp/B09KF8C9LB/ref=sr_1_144?crid=2QMZCI1TWAD8P&keywords=football+t-shirts&qid=1659208112&sprefix=%2Caps%2C225&sr=8-144
168,Daily Orders,volleyball jersey set for men sports | sleeveless jersey shorts set for men basketball | sleeveless jersey and shorts for men football team vvolleyball tshirt and shorts combo DOdr1008-C901139-C-WH,₹649,Available,-,Not Available,Not Applicable,https://www.amazon.in/volleyball-sleeveless-basketball-vvolleyball-DOdr1008-C901139-C-WH-L/dp/B09MJMZKN9/ref=sr_1_145?crid=2QMZCI1TWAD8P&keywords=football+t-shirts&qid=1659208112&sprefix=%2Caps%2C225&sr=8-145
169,Nike,Boys Short Sleeve T-Shirt,₹574,Available,-,Not Available,Not Applicable,https://www.amazon.in/Nike-Regular-Sleeve-T-Shirt-CU4570-480_Game/dp/B08Y73TX2C/ref=sr_1_146?crid=2QMZCI1TWAD8P&keywords=football+t-shirts&qid=1659208112&sprefix=%2Caps%2C225&sr=8-146
170,Tee Mafia,Unisex Messi T-Shirts |Football T-Shirts| Barcelona T-Shirt| Sports t-Shirt|White,₹499,Available,-,Not Available,Not Applicable,https://www.amazon.in/Tee-Mafia-Barcelona-Football-T-Shirt/dp/B08661JYY7/ref=sr_1_147?crid=2QMZCI1TWAD8P&keywords=football+t-shirts&qid=1659208112&sprefix=%2Caps%2C225&sr=8-147
171,Triumph,Polyester Soccer T-Shirts Printed Football Jersey for Men's Player,₹749,Available,-,Not Available,Not Applicable,https://www.amazon.in/Triumph-Polyester-Printed-Football-Jersey/dp/B08D3RKF7Z/ref=sr_1_148?crid=2QMZCI1TWAD8P&keywords=football+t-shirts&qid=1659208112&sprefix=%2Caps%2C225&sr=8-148
172,HENCO,"Black Sports Dress/kit (T-Shirt & Short Combo) for Kabbadi,Multi Sports, Yoga, Volleyball, Football,Tennis,Cycling, Badminton, Gym & Fitness Wear for Men/Women, Boy/Girl",₹549,Available," Saturday, August 6",10 day Refund/Replacement,Not Applicable,https://www.amazon.in/HENCO-T-Shirt-Volleyball-Football-Badminton/dp/B083G5RQ25/ref=sr_1_149?crid=2QMZCI1TWAD8P&keywords=football+t-shirts&qid=1659208112&sprefix=%2Caps%2C225&sr=8-149
173,Bodysports.co,Messi Argentina Football Jersey Classic EMBROIDRED Logo,₹499,Available,-,Not Available,Not Applicable,https://www.amazon.in/Bodysports-co-Messi-Argentina-Jersey-42/dp/B097BFNV2F/ref=sr_1_150?crid=2QMZCI1TWAD8P&keywords=football+t-shirts&qid=1659208112&sprefix=%2Caps%2C225&sr=8-150
174,Triumph,Men's Polyester Sublimated Table Tennis Tshirt White,"₹1,299",Available,-,Not Available,Not Applicable,https://www.amazon.in/Triumph-Polyester-Sublimated-Tennis-Tshirt/dp/B08DY98D1B/ref=sr_1_151?crid=2QMZCI1TWAD8P&keywords=football+t-shirts&qid=1659208112&sprefix=%2Caps%2C225&sr=8-151
175,Tee Mafia,Unisex Designer Football Dry fit T-Shirt |France T-Shirts| France National Football Team T-Shirt| FIFA Word Cup t-Shirt|Champion t-Shirt|POLLY33,₹449,Available,-,Not Available,Not Applicable,https://www.amazon.in/Tee-Mafia-Designer-Football-T-Shirts/dp/B07Q18MY8Q/ref=sr_1_152?crid=2QMZCI1TWAD8P&keywords=football+t-shirts&qid=1659208112&sprefix=%2Caps%2C225&sr=8-152
176,Generic,Full sleep t-shirt size m.,₹299,Only 1 left in stock.,August 6 - 7,Returns Policy,Not Applicable,https://www.amazon.in/gp/slredirect/picassoRedirect.html/ref=pa_sp_btf_aps_sr_pg3_1?ie=UTF8&adId=A05948204QU9OMG5QL45&url=%2FFull-sleep-t-shirt-size-m%2Fdp%2FB0B2K3BBFL%2Fref%3Dsr_1_153_sspa%3Fcrid%3D2QMZCI1TWAD8P%26keywords%3Dfootball%2Bt-shirts%26qid%3D1659208112%26sprefix%3D%252Caps%252C225%26sr%3D8-153-spons%26psc%3D1&qualifier=1659208112&id=8546065642200714&widgetName=sp_btf
177,Amazon Brand - Symbol,Men's Regular T-Shirt,₹549,Available,"Thursday, 4 August",30 Days Returns & Exchange,Not Applicable,https://www.amazon.in/gp/slredirect/picassoRedirect.html/ref=pa_sp_btf_aps_sr_pg3_1?ie=UTF8&adId=A10208622CWUZKMFOMKCS&url=%2FAmazon-Brand-Symbol-T-Shirt-AW17PLPO3V4_S_Multicolor4%2Fdp%2FB073X4KMYD%2Fref%3Dsr_1_154_sspa%3Fcrid%3D2QMZCI1TWAD8P%26keywords%3Dfootball%2Bt-shirts%26qid%3D1659208112%26sprefix%3D%252Caps%252C225%26sr%3D8-154-spons%26psc%3D1&qualifier=1659208112&id=8546065642200714&widgetName=sp_btf
178,Campus Sutra,Men's Regular Fit T-Shirt,₹426,Available,"Sunday, 7 August on your first order in this category",30 Days Returns & Exchange,Not Applicable,https://www.amazon.in/gp/slredirect/picassoRedirect.html/ref=pa_sp_btf_aps_sr_pg3_1?ie=UTF8&adId=A0883249TPK001V9NUB0&url=%2FCampus-Sutra-Regular-AZ17CSJ_JRSPNHS_M_PLN_BUBL_AZ_Black-Blue_X-large%2Fdp%2FB06XCPY7ZR%2Fref%3Dsr_1_155_sspa%3Fcrid%3D2QMZCI1TWAD8P%26keywords%3Dfootball%2Bt-shirts%26qid%3D1659208112%26sprefix%3D%252Caps%252C225%26sr%3D8-155-spons%26psc%3D1&qualifier=1659208112&id=8546065642200714&widgetName=sp_btf
179,Generic,"Abstract Mens T-Shirts for Casual, etc (X-Large, White) (X-Large, Black)",₹550,Only 1 left in stock.,+,30 Days Returns & Exchange,Not Applicable,https://www.amazon.in/gp/slredirect/picassoRedirect.html/ref=pa_sp_btf_aps_sr_pg3_1?ie=UTF8&adId=A04836993G2B5UA0U66H3&url=%2FAbstract-T-Shirts-Casual-X-Large-White%2Fdp%2FB0B399KZDN%2Fref%3Dsr_1_156_sspa%3Fcrid%3D2QMZCI1TWAD8P%26keywords%3Dfootball%2Bt-shirts%26qid%3D1659208112%26sprefix%3D%252Caps%252C225%26sr%3D8-156-spons%26psc%3D1&qualifier=1659208112&id=8546065642200714&widgetName=sp_btf
