,Brand,Product Name,Price(₹),Availability,Expected Delivery,Return Policy,Exchange,Product Url
0,Vault,Vault ST1 Premium Electric Guitar - Sunburst,"7,829",Only 1 left in stock.," Tuesday, August 9",7 Days Replacement,Not Applicable,https://www.amazon.in/gp/slredirect/picassoRedirect.html/ref=pa_sp_atf_aps_sr_pg1_1?ie=UTF8&adId=A0409978297FHSYXI0V9I&url=%2FVault-String-Electric-Guitar-Sunburst%2Fdp%2FB08F2173DC%2Fref%3Dsr_1_1_sspa%3Fcrid%3D39WIIFGVHNH47%26keywords%3Dguitars%26qid%3D1659376917%26sprefix%3D%252Caps%252C222%26sr%3D8-1-spons%26psc%3D1&qualifier=1659376917&id=4933130625134766&widgetName=sp_atf
1,Medellin,"Medellin 38"" Acoustic Guitar Carbon Fiber body+(Free Online Learning Course) - Durable Matt finish with handrest, strings, strap, bag, 3 Picks, capo, stand. (natural)","2,499",Available," Tuesday, August 9",7 Days Replacement,Not Applicable,https://www.amazon.in/gp/slredirect/picassoRedirect.html/ref=pa_sp_atf_aps_sr_pg1_1?ie=UTF8&adId=A093834425X8CW6M8IIIL&url=%2FMedellin-carbn-guitar-38inch-NATURAL%2Fdp%2FB09MSHD6TS%2Fref%3Dsr_1_2_sspa%3Fcrid%3D39WIIFGVHNH47%26keywords%3Dguitars%26qid%3D1659376917%26sprefix%3D%252Caps%252C222%26sr%3D8-2-spons%26psc%3D1&qualifier=1659376917&id=4933130625134766&widgetName=sp_atf
2,Vault,Vault EA40 41 inch Premium Solid Spruce-Top Cutaway Acoustic Guitar,"7,659",Available," Saturday, August 6",7 Days Replacement,Not Applicable,https://www.amazon.in/gp/slredirect/picassoRedirect.html/ref=pa_sp_atf_aps_sr_pg1_1?ie=UTF8&adId=A09610753VGW0EUUEOMBV&url=%2FPremium-Spruce-Top-Cutaway-Acoustic-Guitar%2Fdp%2FB08FFZY6BJ%2Fref%3Dsr_1_3_sspa%3Fcrid%3D39WIIFGVHNH47%26keywords%3Dguitars%26qid%3D1659376917%26sprefix%3D%252Caps%252C222%26sr%3D8-3-spons%26psc%3D1&qualifier=1659376917&id=4933130625134766&widgetName=sp_atf
3,Kadence,"Kadence Guitar Acoustica Series, 41” Jumbo Size 6-strings Acoustic Guitar, Spruce body with Pick Guard A311 with bag","7,124",Available," Monday, August 8",7 Days Replacement,Not Applicable,https://www.amazon.in/gp/slredirect/picassoRedirect.html/ref=pa_sp_atf_aps_sr_pg1_1?ie=UTF8&adId=A02055132SF64AM9MYQQ8&url=%2FKadence-6-strings-Acoustic-Guitar-Natural%2Fdp%2FB07JKYWGJN%2Fref%3Dsr_1_4_sspa%3Fcrid%3D39WIIFGVHNH47%26keywords%3Dguitars%26qid%3D1659376917%26sprefix%3D%252Caps%252C222%26sr%3D8-4-spons%26psc%3D1%26smid%3DAM04Z7MH4HSDD&qualifier=1659376917&id=4933130625134766&widgetName=sp_atf
4,Juârez,"Juârez Acoustic Guitar, 38 Inch Cutaway, 038C with Bag, Strings, Pick and Strap, Black","2,099",Available," Saturday, August 6",7 Days Replacement,Not Applicable,https://www.amazon.in/Juarez-Acoustic-Cutaway-038C-Strings/dp/B017NPCSLI/ref=sr_1_5?crid=39WIIFGVHNH47&keywords=guitars&qid=1659376917&sprefix=%2Caps%2C222&sr=8-5
5,Intern,"Intern INT-38C Acoustic Guitar Kit, With Bag, Strings, Pick And Strap, Black","2,310",Available," Tuesday, August 9",7 Days Replacement,Not Applicable,https://www.amazon.in/Intern-INT-38C-Acoustic-Guitar-Black/dp/B073B6TQQY/ref=sr_1_6?crid=39WIIFGVHNH47&keywords=guitars&qid=1659376917&sprefix=%2Caps%2C222&sr=8-6
6,Juarez,"Juarez Acoustic Guitar Kit, 38 Inch Cutaway, 38C with Bag, Strings, Pick and Strap, TBS Transparent Blue Sunburst","2,189",Available," Tuesday, August 9",7 Days Replacement,Not Applicable,https://www.amazon.in/JUAREZ-JRZ38C-Acoustic-Sunburst-Strings/dp/B01FYYTDS6/ref=sr_1_7?crid=39WIIFGVHNH47&keywords=guitars&qid=1659376917&sprefix=%2Caps%2C222&sr=8-7
7,Fender,Fender CD 60 Dread V3 DS 6 String Acoustic Guitar - Walnut Fretboard-Black,"12,800",Available,"Monday, August 8",7 Days Replacement,Not Applicable,https://www.amazon.in/Fender-Dread-String-Acoustic-Guitar/dp/B07RM4B5LJ/ref=sxin_13?asc_contentid=amzn1.osa.39dd7fbf-afb9-4b33-a89b-5dc1ff018d2f.A21TJRUUN4KGV.en_IN&asc_contenttype=article&ascsubtag=amzn1.osa.39dd7fbf-afb9-4b33-a89b-5dc1ff018d2f.A21TJRUUN4KGV.en_IN&content-id=amzn1.sym.9e10f444-3bae-445e-87e0-7b61ac6588df%3Aamzn1.sym.9e10f444-3bae-445e-87e0-7b61ac6588df&creativeASIN=B07RM4B5LJ&crid=39WIIFGVHNH47&cv_ct_cx=guitars&cv_ct_id=amzn1.osa.39dd7fbf-afb9-4b33-a89b-5dc1ff018d2f.A21TJRUUN4KGV.en_IN&cv_ct_pg=search&cv_ct_we=asin&cv_ct_wn=osp-single-source-pecos-desktop&keywords=guitars&linkCode=oas&pd_rd_i=B07RM4B5LJ&pd_rd_r=f1a0d84f-d73d-4bd4-af60-a3a1977eb45b&pd_rd_w=28XUt&pd_rd_wg=HHqvW&pf_rd_p=9e10f444-3bae-445e-87e0-7b61ac6588df&pf_rd_r=YP3777RDPJVS3M8H2VXT&qid=1659376917&sprefix=%2Caps%2C222&sr=1-1-c84eb971-91f2-4a4d-acce-811265c24254&tag=sm-content-21
8,YAMAHA,"YAMAHA FS100C Rose Wood Acoustic Guitar, Natural","9,990",Available,"Monday, August 8",7 Days Replacement,Not Applicable,https://www.amazon.in/Yamaha-FS100C-Acoustic-Guitars-Natural/dp/B00QKD79QE/ref=sxin_13?asc_contentid=amzn1.osa.39dd7fbf-afb9-4b33-a89b-5dc1ff018d2f.A21TJRUUN4KGV.en_IN&asc_contenttype=article&ascsubtag=amzn1.osa.39dd7fbf-afb9-4b33-a89b-5dc1ff018d2f.A21TJRUUN4KGV.en_IN&content-id=amzn1.sym.9e10f444-3bae-445e-87e0-7b61ac6588df%3Aamzn1.sym.9e10f444-3bae-445e-87e0-7b61ac6588df&creativeASIN=B00QKD79QE&crid=39WIIFGVHNH47&cv_ct_cx=guitars&cv_ct_id=amzn1.osa.39dd7fbf-afb9-4b33-a89b-5dc1ff018d2f.A21TJRUUN4KGV.en_IN&cv_ct_pg=search&cv_ct_we=asin&cv_ct_wn=osp-single-source-pecos-desktop&keywords=guitars&linkCode=oas&pd_rd_i=B00QKD79QE&pd_rd_r=f1a0d84f-d73d-4bd4-af60-a3a1977eb45b&pd_rd_w=28XUt&pd_rd_wg=HHqvW&pf_rd_p=9e10f444-3bae-445e-87e0-7b61ac6588df&pf_rd_r=YP3777RDPJVS3M8H2VXT&qid=1659376917&sprefix=%2Caps%2C222&sr=1-2-c84eb971-91f2-4a4d-acce-811265c24254&tag=sm-content-21
9,Juarez,"Juarez Acoustic Guitar, 38 Inch Curved Body Cutaway, 38CUR with Bag, Strings, Pick and Strap, Black","2,639",Available," Sunday, August 7",7 Days Replacement,Not Applicable,https://www.amazon.in/Juarez-Acoustic-Guitar-Cutaway-Strings/dp/B076QHZ4HZ/ref=sr_1_8?crid=39WIIFGVHNH47&keywords=guitars&qid=1659376917&sprefix=%2Caps%2C222&sr=8-8
10,Henrix,"Henrix Cutaway Acoustic Guitar- VARIATION (38CBK, Black)","2,999",Available," Tuesday, August 9",7 Days Replacement,Not Applicable,https://www.amazon.in/Henrix-Acoustic-Guitar-Die-cast-Dual-action/dp/B07VNDW6QF/ref=sr_1_9?crid=39WIIFGVHNH47&keywords=guitars&qid=1659376917&sprefix=%2Caps%2C222&sr=8-9
11,Hovner,"Hovner 215 Black F-Cut Rosewood Fretboard Acoustic Guitar With Bag,Strap,1 Set of Extra Strings and 2 Picks By K-Retail","4,280",Available," Saturday, August 6",7 Days Replacement,Not Applicable,https://www.amazon.in/Rosewood-Fretboard-Acoustic-Strings-K-Retail/dp/B07KLG8C4P/ref=sr_1_10?crid=39WIIFGVHNH47&keywords=guitars&qid=1659376917&sprefix=%2Caps%2C222&sr=8-10
12,YAMAHA,YAMAHA Meranti Wood Classical Guitar C40//02,"7,200",Available," Monday, August 8",7 Days Replacement,Not Applicable,https://www.amazon.in/Yamaha-Classical-Guitar-C40-02/dp/B003UGCUFE/ref=sr_1_11?crid=39WIIFGVHNH47&keywords=guitars&qid=1659376917&sprefix=%2Caps%2C222&sr=8-11
13,Kadence,"Kadence Guitar Frontier Series, Electric Acoustic Black Guitar With EQ, Die Cast Keys, Set of Strings, Strap, Picks and Bag (Black EQ, Electric Acoustic)","6,299",Available," Tuesday, August 9",7 Days Replacement,Not Applicable,https://www.amazon.in/Kadence-Frontier-Acoustic-Guitar-Strings/dp/B078GTJP5Y/ref=sr_1_12?crid=39WIIFGVHNH47&keywords=guitars&qid=1659376917&sprefix=%2Caps%2C222&sr=8-12
14,Juarez,"Juarez Acoustic Guitar Kit, 38 Inch Cutaway, 38C with Bag, Strings, Pick and Strap, 3TS Sunburst","2,299",Available," Saturday, August 6",7 Days Replacement,Not Applicable,https://www.amazon.in/JUAREZ-JRZ38C-Acoustic-Sunburst-Strings/dp/B01FYYTDTU/ref=sr_1_13?crid=39WIIFGVHNH47&keywords=guitars&qid=1659376917&sprefix=%2Caps%2C222&sr=8-13
15,Photron,"Photron Acoustic Guitar, 38 inches Cutaway, PH38C/BK with Picks Only, Black (Without Bag, Strap and Extra Strings)","2,190",Available," Tuesday, August 9",7 Days Replacement,Not Applicable,https://www.amazon.in/Photron-Acoustic-Cutaway-PH38C-BK/dp/B076T8V8NB/ref=sr_1_14?crid=39WIIFGVHNH47&keywords=guitars&qid=1659376917&sprefix=%2Caps%2C222&sr=8-14
16,Kadence,"Kadence Frontier guitar with Online Guitar learning course, Wine Red Acoustic Guitar with Die Cast Keys, Set of Strings, Strap, Picks and Bag (Wine Red, Acoustic)","5,224",Available," Monday, August 8",7 Days Replacement,Not Applicable,https://www.amazon.in/Kadence-Frontier-Acoustic-Guitar-Strings/dp/B01GDZ46AA/ref=sr_1_15?crid=39WIIFGVHNH47&keywords=guitars&qid=1659376917&sprefix=%2Caps%2C222&sr=8-15
17,Intern,"Intern 38C Acoustic Steel-string Guitar Premium White Cutaway Design with carry bag, strings, guitar strap and plectrums (INT-38C-WH)","2,350",Available,August 8 - 11,7 Days Replacement,Not Applicable,https://www.amazon.in/Intern-Acoustic-Steel-string-plectrums-INT-38C-WH/dp/B09LR94Z2X/ref=sr_1_16?crid=39WIIFGVHNH47&keywords=guitars&qid=1659376917&sprefix=%2Caps%2C222&sr=8-16
18,Juarez,"Juarez Acoustic Guitar, 38 Inch Cutaway with Pick Guard, 38C/RDS with Bag, Strings, Pick and Strap, Red Sunburst","2,280",Available," Thursday, August 11",7 Days Replacement,Not Applicable,https://www.amazon.in/Acoustic-Cutaway-RDS-Strings-Sunburst/dp/B076QGY91P/ref=sr_1_17?crid=39WIIFGVHNH47&keywords=guitars&qid=1659376917&sprefix=%2Caps%2C222&sr=8-17
19,Intern,Intern 38C Ebony Wood Cutaway Design Acoustic Guitar with Picks And Carry Bag (Black),"2,150",Available," Tuesday, August 9",7 Days Replacement,Not Applicable,https://www.amazon.in/Intern-38-inch-Cutaway-Design-Acoustic/dp/B07X4PN85R/ref=sr_1_18?crid=39WIIFGVHNH47&keywords=guitars&qid=1659376917&sprefix=%2Caps%2C222&sr=8-18
20,Juarez,"Juarez JRZ-ST01 6-String Electric Guitar, Right Handed, Full Black, with Case/Bag and Picks","5,739",Available," Saturday, August 6",7 Days Replacement,Not Applicable,https://www.amazon.in/Juarez-JRZ-ST01-6-String-Electric-Without/dp/B01FYZSOGM/ref=sr_1_19?crid=39WIIFGVHNH47&keywords=guitars&qid=1659376917&sprefix=%2Caps%2C222&sr=8-19
21,Intern,Intern Int-38c Sunburst Acoustic Guitar Kit with Carry Bag and Picks,"2,350",Available," Tuesday, August 9",7 Days Replacement,Not Applicable,https://www.amazon.in/Intern-INT-38C-Sunburst-Acoustic-Guitar/dp/B07X1J4D3Z/ref=sr_1_20?crid=39WIIFGVHNH47&keywords=guitars&qid=1659376917&sprefix=%2Caps%2C222&sr=8-20
22,HENTJ,"HENTJ 4 String Musical 23"" Guitar for Kids Instrument Acoustic Learning Educational Toy for Child with Ability Brown Color Best Gift for Boys & Girls",899,Available," Tuesday, August 9",7 Days Replacement,Not Applicable,https://www.amazon.in/gp/slredirect/picassoRedirect.html/ref=pa_sp_mtf_aps_sr_pg1_1?ie=UTF8&adId=A00613812IJ44JJE9SADE&url=%2FHENTJ-Instrument-Acoustic-Learning-Educational%2Fdp%2FB0B5H8GKK1%2Fref%3Dsr_1_21_sspa%3Fcrid%3D39WIIFGVHNH47%26keywords%3Dguitars%26qid%3D1659376917%26sprefix%3D%252Caps%252C222%26sr%3D8-21-spons%26psc%3D1&qualifier=1659376917&id=4933130625134766&widgetName=sp_mtf
23,Cort,"Cort AD810 Dreadnought Acoustic Guitar with Gig Bag,Tuner,Picks and Strap (Natural Bundle)","11,248",Available," Tuesday, August 9",7 Days Replacement,Not Applicable,https://www.amazon.in/gp/slredirect/picassoRedirect.html/ref=pa_sp_mtf_aps_sr_pg1_1?ie=UTF8&adId=A08790022Y5TKL7GOFMBU&url=%2FCort-AD810-Dreadnought-Acoustic-Guitar%2Fdp%2FB07KMBVR6V%2Fref%3Dsr_1_22_sspa%3Fcrid%3D39WIIFGVHNH47%26keywords%3Dguitars%26qid%3D1659376917%26sprefix%3D%252Caps%252C222%26sr%3D8-22-spons%26psc%3D1&qualifier=1659376917&id=4933130625134766&widgetName=sp_mtf
24,Octave,Octave Guitars,"4,800",Only 1 left in stock.," Wednesday, August 10",7 Days Replacement,Not Applicable,https://www.amazon.in/gp/slredirect/picassoRedirect.html/ref=pa_sp_mtf_aps_sr_pg1_1?ie=UTF8&adId=A05363921Y1WOJEY97SAV&url=%2FOCTAVE-38-3TS-Octave-Guitars%2Fdp%2FB07HFX53H9%2Fref%3Dsr_1_23_sspa%3Fcrid%3D39WIIFGVHNH47%26keywords%3Dguitars%26qid%3D1659376917%26sprefix%3D%252Caps%252C222%26sr%3D8-23-spons%26psc%3D1&qualifier=1659376917&id=4933130625134766&widgetName=sp_mtf
25,LUCHILA,LUCHILA 4 String Decor Guitar Children's Musical Instrument Educational Toy Small Guitar for Beginners Kids Child,965,Available," Tuesday, August 9",7 Days Replacement,Not Applicable,https://www.amazon.in/gp/slredirect/picassoRedirect.html/ref=pa_sp_mtf_aps_sr_pg1_1?ie=UTF8&adId=A077094238JJH9C76Z1GW&url=%2FLUCHILA-Childrens-Instrument-Educational-Beginners%2Fdp%2FB09T3Q72CJ%2Fref%3Dsr_1_24_sspa%3Fcrid%3D39WIIFGVHNH47%26keywords%3Dguitars%26qid%3D1659376917%26sprefix%3D%252Caps%252C222%26sr%3D8-24-spons%26psc%3D1&qualifier=1659376917&id=4933130625134766&widgetName=sp_mtf
26,Juârez,"Juârez JRZ38C/WH 6 Strings Acoustic Guitar 38 Inch Cutaway, Right Handed, White with Bag, Strings, Picks and Strap","2,998",Available," Monday, August 8",7 Days Replacement,Not Applicable,https://www.amazon.in/Ju%C3%A2rez-JRZ38C-WH-Strings-Acoustic/dp/B072MFK4L6/ref=sr_1_25?crid=39WIIFGVHNH47&keywords=guitars&qid=1659376917&sprefix=%2Caps%2C222&sr=8-25
27,Intern,"Intern INT-38C Acoustic Guitar Kit, With Bag, Strings, Pick And Strap, Blue","2,333",Available," Monday, August 8",7 Days Replacement,Not Applicable,https://www.amazon.in/Intern-INT-38C-Acoustic-Guitar-Blue/dp/B073B5RZBV/ref=sr_1_26?crid=39WIIFGVHNH47&keywords=guitars&qid=1659376917&sprefix=%2Caps%2C222&sr=8-26
28,Medellin,"Medellin 38"" Acoustic Guitar Carbon Fiber body+(Free Online Learning Course) - Durable Matt finish with handrest, strings, strap, bag, 3 Picks, capo, stand.","2,499",Available," Tuesday, August 9",7 Days Replacement,Not Applicable,https://www.amazon.in/Medellin-Acoustic-Guitar-Carbon-Learning/dp/B09MSFP7JK/ref=sr_1_27?crid=39WIIFGVHNH47&keywords=guitars&qid=1659376917&sprefix=%2Caps%2C222&sr=8-27
29,Revel,Revel 38 Inches Cutaway Design Acoustic Guitar with Carry bag and Plectrums. Great tone and Beginner/Learners standard size configuration for all age groups (Natural),"2,279",Available," Monday, August 8",7 Days Replacement,Not Applicable,https://www.amazon.in/Revel-RVL-38C-LGP-NT-Linden-Acoustic-Natural/dp/B085HVRHPS/ref=sr_1_28?crid=39WIIFGVHNH47&keywords=guitars&qid=1659376917&sprefix=%2Caps%2C222&sr=8-28
30,JUAREZ,"JUAREZ JRZ38C Right Handed Acoustic Guitar with Bag, Strings, Pick and Strap (Natural, 6 Strings)","2,639",Available," Monday, August 8",7 Days Replacement,Not Applicable,https://www.amazon.in/JUAREZ-JRZ38C-Acoustic-Natural-Strings/dp/B01FYYTDWC/ref=sr_1_29?crid=39WIIFGVHNH47&keywords=guitars&qid=1659376917&sprefix=%2Caps%2C222&sr=8-29
31,Intern,Intern Int-38c Linden Wood Acoustic Guitar Kit with Carry Bag and Picks (Brown),"2,866",Available," Saturday, August 6",7 Days Replacement,Not Applicable,https://www.amazon.in/Intern-INT-38C-Brown-Acoustic-Guitar/dp/B07X2HV158/ref=sr_1_30?crid=39WIIFGVHNH47&keywords=guitars&qid=1659376917&sprefix=%2Caps%2C222&sr=8-30
32,Medellin,"Medellin 38"" Carbon Fiber Acoustic Guitar with free specailized learning course- MDCF38BK Durable Carbon Fiber Matt Sunburst finish Body for beginners with handrest, set of Strings, Strap, Bag, 3 Picks, Capo, Guitar Wall Hanging Stand and Free GUITAR LEARNING COURSE (Special Learning Combo with Guitar)","2,499",Available," Tuesday, August 9",7 Days Replacement,Not Applicable,https://www.amazon.in/Medellin-Acoustic-specailized-learning-beginners/dp/B09MSGN39M/ref=sr_1_31?crid=39WIIFGVHNH47&keywords=guitars&qid=1659376917&sprefix=%2Caps%2C222&sr=8-31
33,Intern,"Intern INT-38C Acoustic Guitar Kit, With Bag, Strings, Pick And Strap, Natural","2,350",Only 1 left in stock.," Tuesday, August 9",7 Days Replacement,Not Applicable,https://www.amazon.in/Intern-INT-38C-Acoustic-Guitar-Natural/dp/B073B4D22T/ref=sr_1_32?crid=39WIIFGVHNH47&keywords=guitars&qid=1659376917&sprefix=%2Caps%2C222&sr=8-32
34,Intern,"Intern INT-38C-BK-G Cutaway Right Handed Acoustic Guitar Kit, with Bag, Nickel Strings, Pick And Strap (Black) -6 Strings","2,390",Available," Tuesday, August 9",7 Days Replacement,Not Applicable,https://www.amazon.in/Intern-INT-38C-BK-G-Guitar-Kit-Black/dp/B07K9497RC/ref=sr_1_33?crid=39WIIFGVHNH47&keywords=guitars&qid=1659376917&sprefix=%2Caps%2C222&sr=8-33
35,Hovner,"Hovner 215 Peacock Blue F-Cut Rosewood Fretboard Acoustic Guitar With Bag,Strap,1 Set of Extra Strings and 2 Picks","4,280",Available," Saturday, August 6",7 Days Replacement,Not Applicable,https://www.amazon.in/215-Rosewood-Fretboard-Acoustic-Strings/dp/B08VHD4J3G/ref=sr_1_34?crid=39WIIFGVHNH47&keywords=guitars&qid=1659376917&sprefix=%2Caps%2C222&sr=8-34
36,JUAREZ,"JUAREZ Arpéggio 104.14 cm (41 Inch) Semi-Acoustic Guitar Kit, Thin Line Body, Spruce Top, with 4 Band EQ, Natural","6,649",Available," Saturday, August 6",7 Days Replacement,Not Applicable,https://www.amazon.in/JUAREZ-Arp%C3%A9ggio-Semi-Acoustic-Guitar-Natural/dp/B08KHFJKZK/ref=sr_1_35?crid=39WIIFGVHNH47&keywords=guitars&qid=1659376917&sprefix=%2Caps%2C222&sr=8-35
37,Fender,Fender Classic Design CD-60S Dreadnought Acoustic Guitar (Black),"18,999",Only 1 left in stock.," Friday, August 12",7 Days Replacement,Not Applicable,https://www.amazon.in/Fender-Classic-Design-Dreadnought-Acoustic/dp/B07HYS18LJ/ref=sr_1_36?crid=39WIIFGVHNH47&keywords=guitars&qid=1659376917&sprefix=%2Caps%2C222&sr=8-36
38,Epiphone,"Epiphone Les Paul Classic 6 String Right Handed Electric Guitar, Ebony","51,138",Available," Monday, August 8",7 Days Replacement,Not Applicable,https://www.amazon.in/Epiphone-Classic-String-Handed-Electric/dp/B085GCG3LN/ref=sr_1_37?crid=39WIIFGVHNH47&keywords=guitars&qid=1659376917&sprefix=%2Caps%2C222&sr=8-37
39,Blueberry,"Blueberry R-701, 6 String Right Handed Beginner Full Size Rosewood Fret board Electric Guitar with Bag, Strap, One Set of Strings and 2 Picks","5,999",Available," Tuesday, August 9",7 Days Replacement,Not Applicable,https://www.amazon.in/Blueberry-Beginner-Rosewood-Electric-Strings/dp/B0B71VMZPG/ref=sr_1_38?crid=39WIIFGVHNH47&keywords=guitars&qid=1659376917&sprefix=%2Caps%2C222&sr=8-38
40,JUAREZ,JUAREZ Acoustic Guitar 3xE 1st String & 2 Pick Set JRGSE32,159,Available," Saturday, August 6",7 Days Replacement,Not Applicable,https://www.amazon.in/JUAREZ-Acoustic-Guitar-String-JRGSE32/dp/B08MW1WPW5/ref=sr_1_39?crid=39WIIFGVHNH47&keywords=guitars&qid=1659376917&sprefix=%2Caps%2C222&sr=8-39
41,DEVICE,DEVICE OF URBAN INFOTECH Guitar Tuner 360 degree Digital Tuner Easy to Use Highly Accurate Clip-on Tuner Best for Acoustic and Electric Guitar Bass Violin Ukulele With Capo & 5 Picks(Design may very),789,Available," Sunday, August 7",7 Days Replacement,Not Applicable,https://www.amazon.in/DEVICE-URBAN-INFOTECH-Accurate-Acoustic/dp/B08BZXMJTP/ref=sr_1_40?crid=39WIIFGVHNH47&keywords=guitars&qid=1659376917&sprefix=%2Caps%2C222&sr=8-40
42,Juârez,"Juârez Acoustic Guitar, 38 Inch Cutaway, JRZ38C with Bag, Strings, Pick and Strap, Red","2,971",Available," Monday, August 8",7 Days Replacement,Not Applicable,https://www.amazon.in/JUAREZ-JRZ38C-Handed-Acoustic-Strings/dp/B01FYYTDW2/ref=sr_1_41?crid=39WIIFGVHNH47&keywords=guitars&qid=1659376917&sprefix=%2Caps%2C222&sr=8-41
43,Juârez,"Juârez Acoustic Guitar, 38 Inch Cutaway, JRZ38CT, Hippie Funky Design, with Bag, Picks, Strap & Extra String set","2,479",Available," Saturday, August 6",7 Days Replacement,Not Applicable,https://www.amazon.in/Juarez-Acoustic-Guitar-Cutaway-JRZ38CT/dp/B01N3TTYJQ/ref=sr_1_42?crid=39WIIFGVHNH47&keywords=guitars&qid=1659376917&sprefix=%2Caps%2C222&sr=8-42
44,Kadence,Kadence Acoustica 34” Acoustic Guitar A03 with bag,"5,248",Available," Tuesday, August 9",7 Days Replacement,Not Applicable,https://www.amazon.in/Kadence-Acoustica-Acoustic-Guitar-A03/dp/B08WCTFVT9/ref=sr_1_43?crid=39WIIFGVHNH47&keywords=guitars&qid=1659376917&sprefix=%2Caps%2C222&sr=8-43
45,Vault,"Vault EA20CE 40 Inch Cutaway Electro Acoustic Guitar With Bag, Strings, Straps, Picks, String Winder, Polishing Cloth & Ebook","5,499",Available," Tuesday, August 9",7 Days Replacement,Not Applicable,https://www.amazon.in/Cutaway-Electro-Acoustic-Strings-Polishing/dp/B093VHQZGD/ref=sr_1_44?crid=39WIIFGVHNH47&keywords=guitars&qid=1659376917&sprefix=%2Caps%2C222&sr=8-44
46,YAMAHA,"YAMAHA FS100C Acoustic Guitar, Black","9,990",Available," Monday, August 8",7 Days Replacement,Not Applicable,https://www.amazon.in/Yamaha-FS-100C-6-String-Acoustic-without/dp/B00PAS9CK6/ref=sr_1_45?crid=39WIIFGVHNH47&keywords=guitars&qid=1659376917&sprefix=%2Caps%2C222&sr=8-45
47,Juârez,"Juârez JRZ38C/MAH 6 Strings Acoustic Guitar 38 Inch Cutaway, Right Handed, Mahogany with Bag, Strings, Picks and Strap","2,709",Available," Wednesday, August 10",7 Days Replacement,Not Applicable,https://www.amazon.in/JRZ38C-Strings-Acoustic-Cutaway-Mahogany/dp/B071JM8C6T/ref=sr_1_46?crid=39WIIFGVHNH47&keywords=guitars&qid=1659376917&sprefix=%2Caps%2C222&sr=8-46
48,INTERN,"INTERN 40 inches Acoustic Guitar with Pick-up & truss rod, carry bag, strings pack, strap & picks. Premium Wooden durable built, Best tonal stability with professional sound amplificaiton. (Natural).","4,499",Available," Tuesday, August 9",7 Days Replacement,Not Applicable,https://www.amazon.in/Acoustic-Pick-up-stability-professional-amplificaiton/dp/B09YH8YQR1/ref=sr_1_47?crid=39WIIFGVHNH47&keywords=guitars&qid=1659376917&sprefix=%2Caps%2C222&sr=8-47
49,Medellin,"Medellin 38"" Acoustic Guitar Carbon Fiber body+(Free Online Learning Course) - Durable Matt finish with handrest, strings, strap, bag, 3 Picks, capo, stand. (natural)","2,499",Available," Tuesday, August 9",7 Days Replacement,Not Applicable,https://www.amazon.in/Medellin-carbn-guitar-38inch-NATURAL/dp/B09MSHD6TS/ref=sr_1_48?crid=39WIIFGVHNH47&keywords=guitars&qid=1659376917&sprefix=%2Caps%2C222&sr=8-48
50,Revel,Revel 38 Inches Cutaway Design Acoustic Guitar with Carry bag and Plectrums. Great tone and Beginner/Learners standard size configuration for all age groups (Black),"2,250",Available," Tuesday, August 9",7 Days Replacement,Not Applicable,https://www.amazon.in/Acoustic-Plectrums-Beginner-Learners-configuration/dp/B0B4SSB8BJ/ref=sr_1_49?crid=39WIIFGVHNH47&keywords=guitars&qid=1659376917&sprefix=%2Caps%2C222&sr=8-49
51,INTERN,"INTERN Cutaway Design Acoustic Guitar Pack -Humidity Proof, Bend resistance, Durable Action, Natural tone & bright resonance. Black Carbon Fibre/Fiber Guitar with Bag, Strap, Strings set & Plectrums.","2,589",Available," Monday, August 8",7 Days Replacement,Not Applicable,https://www.amazon.in/Acoustic-Humidity-resistance-resonance-Plectrums/dp/B09RQZ6HM2/ref=sr_1_50?crid=39WIIFGVHNH47&keywords=guitars&qid=1659376917&sprefix=%2Caps%2C222&sr=8-50
52,Intern,Intern INT-38C Natural Acoustic Guitar kit with carry bag & picks,"2,866",Available," Monday, August 8",7 Days Replacement,Not Applicable,https://www.amazon.in/Intern-INT-38C-Natural-Acoustic-Guitar/dp/B07X4LPJ6H/ref=sr_1_51?crid=39WIIFGVHNH47&keywords=guitars&qid=1659376917&sprefix=%2Caps%2C222&sr=8-51
53,Juarez,"Juarez Acoustic Guitar, [ LEFT HANDED] 38 Inch Cutaway, 38CL/BK with Bag, Strings, Pick and Strap, Black","2,639",Available," Monday, August 8",7 Days Replacement,Not Applicable,https://www.amazon.in/Juarez-Acoustic-Cutaway-BK-Strings/dp/B076T3RHMG/ref=sr_1_52?crid=39WIIFGVHNH47&keywords=guitars&qid=1659376917&sprefix=%2Caps%2C222&sr=8-52
54,Intern,"Intern INT-38C-VT-G Cutaway Right Handed Acoustic Guitar Kit, With Bag, Strings, Pick And Strap (Violet, 6-Strings)","3,119",Available," Sunday, August 7",7 Days Replacement,Not Applicable,https://www.amazon.in/Intern-INT-38C-VT-G-Guitar-Kit-Violet/dp/B07K8YJXKL/ref=sr_1_53?crid=39WIIFGVHNH47&keywords=guitars&qid=1659376917&sprefix=%2Caps%2C222&sr=8-53
55,Blueberry,"Blueberry B-D38-Brown, 38"" Acoustic Guitar Kit Inbuilt Truss Rod, with Bag, Strap, One Pack Strings And Picks","2,895",Available," Tuesday, August 9",7 Days Replacement,Not Applicable,https://www.amazon.in/Blueberry-B-D38-Brown-Acoustic-Inbuilt-Strings/dp/B0B74CSY9V/ref=sr_1_54?crid=39WIIFGVHNH47&keywords=guitars&qid=1659376917&sprefix=%2Caps%2C222&sr=8-54
56,Kadence,"Kadence Frontier Jumbo Semi Acoustic Guitar With Die Cast Keys,Super Combo (Bag, 1 pack Strings, Strap, Picks, Capo, Tuner)","7,349",Available," Monday, August 8",7 Days Replacement,Not Applicable,https://www.amazon.in/Kadence-Frontier-Acoustic-Guitar-Equalizer/dp/B01HRIHJWY/ref=sr_1_55?crid=39WIIFGVHNH47&keywords=guitars&qid=1659376917&sprefix=%2Caps%2C222&sr=8-55
57,Juârez,"Juârez Acoustic Guitar, 38 Inch Cutaway, JRZ38C with Bag, Strings, Pick and Strap, Blue","2,644",Available," Saturday, August 6",7 Days Replacement,Not Applicable,https://www.amazon.in/JUAREZ-JRZ38C-Handed-Acoustic-Strings/dp/B01FYYTDX6/ref=sr_1_56?crid=39WIIFGVHNH47&keywords=guitars&qid=1659376917&sprefix=%2Caps%2C222&sr=8-56
58,DEVICE,DEVICE OF URBAN INFOTECH 360 degree Rotational Electronic Highly Accurate Clip-on Digital Tuner Easy to Use for Acoustic and Electric Guitar Bass Violin Ukulele with Picks(Design May Vary),399,Available," Sunday, August 7",7 Days Replacement,Not Applicable,https://www.amazon.in/gp/slredirect/picassoRedirect.html/ref=pa_sp_btf_aps_sr_pg1_1?ie=UTF8&adId=A0709646246W9R3FPVZD8&url=%2FDEVICE-URBAN-INFOTECH-Rotational-Electronic%2Fdp%2FB081LG3X5H%2Fref%3Dsr_1_57_sspa%3Fcrid%3D39WIIFGVHNH47%26keywords%3Dguitars%26qid%3D1659376917%26sprefix%3D%252Caps%252C222%26sr%3D8-57-spons%26psc%3D1&qualifier=1659376917&id=4933130625134766&widgetName=sp_btf
59,YAMAHA,"YAMAHA F280 Acoustic Guitar, Tobacco - Brown Sunburst",-,Available,-,7 Days Replacement,Not Applicable,https://www.amazon.in/Yamaha-Acoustic-Guitar-Tobacco-Sunburst/dp/B08VXR74Q2/ref=sr_1_49?crid=39WIIFGVHNH47&keywords=guitars&qid=1659377115&sprefix=%2Caps%2C222&sr=8-49
60,Juârez,"Juârez JRZ38C/ASH 6 Strings Acoustic Guitar 38 Inch Cutaway, Right Handed, Ash with Bag, Strings, Picks and Strap","2,399",Available," Saturday, August 6",7 Days Replacement,Not Applicable,https://www.amazon.in/Juarez-JRZ38C-ASH-Strings-Acoustic/dp/B072JTPNZC/ref=sr_1_50?crid=39WIIFGVHNH47&keywords=guitars&qid=1659377115&sprefix=%2Caps%2C222&sr=8-50
61,Vault,Vault JB5 Jazz Bass 5-String Bass Guitar - Black,"10,999",Only 2 left in stock.," Tuesday, August 9",7 Days Replacement,Not Applicable,https://www.amazon.in/Vault-Jazz-Bass-5-String-Guitar/dp/B0B129S6DH/ref=sr_1_51?crid=39WIIFGVHNH47&keywords=guitars&qid=1659377115&sprefix=%2Caps%2C222&sr=8-51
62,Kordz,"Kordz Luana Natural Wooden 41 Inch Rosewood Fretboard Acoustic Guitar With Bag,Strap,1 Set of Extra Strings and 2 Picks","3,890",Available," Saturday, August 6",7 Days Replacement,Not Applicable,https://www.amazon.in/Kordz-Luana-Natural-Rosewood-Fretboard/dp/B07V4Y1V9M/ref=sr_1_52?crid=39WIIFGVHNH47&keywords=guitars&qid=1659377115&sprefix=%2Caps%2C222&sr=8-52
63,RockJam,RockJam RJEG02-SK-BB Electric Guitar Starter Kit (Blue Burst),"8,630",Available," Saturday, August 6",7 Days Replacement,Not Applicable,https://www.amazon.in/RockJam-RJEG02-SK-BB-Electric-Guitar-Starter/dp/B0747TD557/ref=sr_1_53?crid=39WIIFGVHNH47&keywords=guitars&qid=1659377115&sprefix=%2Caps%2C222&sr=8-53
64,Vault,"Vault EA20 Guitar Kit with Learn to Play Ebook, Bag, Strings, Straps, Picks, String winder & Polishing Cloth - 40 inch Cutaway Acoustic Guitar (Black)","4,799",Available," Monday, August 8",7 Days Replacement,Not Applicable,https://www.amazon.in/Guitar-Strings-Straps-String-Polishing/dp/B097N7NGHD/ref=sr_1_54?crid=39WIIFGVHNH47&keywords=guitars&qid=1659377115&sprefix=%2Caps%2C222&sr=8-54
65,Hovner,"Hovner 215 Royal Metallic Black F-Cut Rosewood Fretboard Acoustic Guitar With Bag,Strap,1 Set of Extra Strings and 2 Picks","4,280",Only 2 left in stock.," Saturday, August 6",7 Days Replacement,Not Applicable,https://www.amazon.in/Hovner-Royal-Metallic-Rosewood-Fretboard/dp/B09VQ1YYF8/ref=sr_1_55?crid=39WIIFGVHNH47&keywords=guitars&qid=1659377115&sprefix=%2Caps%2C222&sr=8-55
66,Yamaha,"Yamaha F280 Acoustic Guitar, Natural With Bajaao Gig Bag",-,Available,-,7 Days Replacement,Not Applicable,https://www.amazon.in/Yamaha-Acoustic-Guitar-Natural-Bajaao/dp/B08RMP2F6Z/ref=sr_1_56?crid=39WIIFGVHNH47&keywords=guitars&qid=1659377115&sprefix=%2Caps%2C222&sr=8-56
67,Kadence,"Kadence Slowhand Premium Jumbo Semi Acoustic Guitar with Heavy Padded Bag, guitar cable, Pro Capo (Black Spruce Wood)","10,999",Available," Monday, August 8",7 Days Replacement,Not Applicable,https://www.amazon.in/Kadence-Slowhand-Premium-Acoustic-Instrument/dp/B077SZ667X/ref=sr_1_57?crid=39WIIFGVHNH47&keywords=guitars&qid=1659377115&sprefix=%2Caps%2C222&sr=8-57
68,Saga,Saga SF-600C Dreadnought Acoustic Cutaway Guitar (Natural),"8,499",Available," Sunday, August 7",7 Days Replacement,Not Applicable,https://www.amazon.in/SF-600C-Dreadnought-Acoustic-Cutaway-Natural/dp/B0B1HX47XR/ref=sr_1_58?crid=39WIIFGVHNH47&keywords=guitars&qid=1659377115&sprefix=%2Caps%2C222&sr=8-58
69,Kadence,"Kadence Guitar Acoustica Series, 41” Jumbo Size 6-strings Acoustic Guitar, Spruce body with Pick Guard A311 with bag","7,124",Available," Monday, August 8",7 Days Replacement,Not Applicable,https://www.amazon.in/Kadence-6-strings-Acoustic-Guitar-Natural/dp/B07JKYWGJN/ref=sr_1_59?crid=39WIIFGVHNH47&keywords=guitars&qid=1659377115&sprefix=%2Caps%2C222&sr=8-59
70,Kadence,"Kadence Frontier Jumbo Semi Acoustic Guitar With Die Cast Keys Super Combo (Bag, 1 pack Strings, Strap, Picks, Capo, Tuner (natural)","7,348",Available," Tuesday, August 9",7 Days Replacement,Not Applicable,https://www.amazon.in/Kadence-Frontier-Acoustic-Equalizer-Strings/dp/B01HRIHH9E/ref=sr_1_60?crid=39WIIFGVHNH47&keywords=guitars&qid=1659377115&sprefix=%2Caps%2C222&sr=8-60
71,Medellin,"Medellin 38"" Acoustic Guitar Brown Carbon Fiber Body with FREE Online LEARNING COURSE Durable Matt finish Body for beginners with handrest, set of Strings, Strap, Bag, 3 Picks, Capo, Guitar Wall Hanging Stand and Free GUITAR LEARNING COURSE (Special Learning Combo with Guitar)","2,499",Available," Tuesday, August 9",7 Days Replacement,Not Applicable,https://www.amazon.in/Medellin-Acoustic-LEARNING-beginners-handrest/dp/B09MSKKHJC/ref=sr_1_61?crid=39WIIFGVHNH47&keywords=guitars&qid=1659377115&sprefix=%2Caps%2C222&sr=8-61
72,Juarez,"Juarez Acoustic Guitar, 38 Inch Cutaway, 38CMB with Bag, Strings, Pick and Strap, Matte Black","2,639",Available," Monday, August 8",7 Days Replacement,Not Applicable,https://www.amazon.in/Juarez-Acoustic-Guitar-Cutaway-Strings/dp/B084VRCCN7/ref=sr_1_62?crid=39WIIFGVHNH47&keywords=guitars&qid=1659377115&sprefix=%2Caps%2C222&sr=8-62
73,Blueberry,"Blueberry 38C, 38"" Acoustic Guitar Kit with Bag, Strap, One Pack Strings And Picks (Black)","2,695",Available," Tuesday, August 9",7 Days Replacement,Not Applicable,https://www.amazon.in/Blueberry-38C-Acoustic-Guitar-Strings/dp/B08KLMV4XX/ref=sr_1_63?crid=39WIIFGVHNH47&keywords=guitars&qid=1659377115&sprefix=%2Caps%2C222&sr=8-63
74,Medellin,Medellin MED-BLU-C Linden Wood Acoustic Guitar,"2,190",Available," Tuesday, August 9",7 Days Replacement,Not Applicable,https://www.amazon.in/Medellin-MED-BLU-C-Linden-Acoustic-Guitar/dp/B07NBMWHJW/ref=sr_1_64?crid=39WIIFGVHNH47&keywords=guitars&qid=1659377115&sprefix=%2Caps%2C222&sr=8-64
75,JUAREZ,"JUAREZ JRZ38CTR/BK 38 Inch Acoustic Guitar with Dual Action Truss Rod, Bag, Picks, Allen Key, Extra String Set, Black","3,169",Available," Tuesday, August 9",7 Days Replacement,Not Applicable,https://www.amazon.in/JUAREZ-JRZ38CTR-BK-Acoustic-Guitar/dp/B08FTZK7H8/ref=sr_1_65?crid=39WIIFGVHNH47&keywords=guitars&qid=1659377115&sprefix=%2Caps%2C222&sr=8-65
76,Fender,Fender CD 60 Dread V3 DS 6 String Acoustic Guitar - Walnut Fretboard-Black,"12,800",Available," Monday, August 8",7 Days Replacement,Not Applicable,https://www.amazon.in/Fender-Dread-String-Acoustic-Guitar/dp/B07RM4B5LJ/ref=sr_1_66?crid=39WIIFGVHNH47&keywords=guitars&qid=1659377115&sprefix=%2Caps%2C222&sr=8-66
77,HRB,"HRB MUSICALS 1saddle, 1 guitar nut, 6 bridge pin in black with 4 picks",179,Available," Tuesday, August 9",7 Days Replacement,Not Applicable,https://www.amazon.in/HRB-MUSICALS-1saddle-guitar-bridge/dp/B09LKBLT4Q/ref=sr_1_67?crid=39WIIFGVHNH47&keywords=guitars&qid=1659377115&sprefix=%2Caps%2C222&sr=8-67
78,Kadence,"Kadence AstroMan Electric Guitar, 21 FRETS, ROSEWOOD FRETBOARD, H - S - S PICK UPS Black combo with Bag, Guitar strap,guitar cable and Picks","6,999",Available," Tuesday, August 9",7 Days Replacement,Not Applicable,https://www.amazon.in/Kadence-Electric-Guitar-Rosewood-Fretboard/dp/B07BGW6JVL/ref=sr_1_68?crid=39WIIFGVHNH47&keywords=guitars&qid=1659377115&sprefix=%2Caps%2C222&sr=8-68
79,Juarez,"Juarez Acoustic Guitar, 38 Inch Cutaway with Pick Guard, 38CPG with Bag, Strings, Pick and Strap, Black","2,639",Available," Tuesday, August 9",7 Days Replacement,Not Applicable,https://www.amazon.in/Juarez-Acoustic-Guitar-Cutaway-Strings/dp/B075XMRKMY/ref=sr_1_69?crid=39WIIFGVHNH47&keywords=guitars&qid=1659377115&sprefix=%2Caps%2C222&sr=8-69
80,Martin,Martin Smith W-101-N-PK Acoustic Guitar Super Kit with Stand (Natural),"6,129",Available," Tuesday, August 9",7 Days Replacement,Not Applicable,https://www.amazon.in/Martin-Smith-W-101-N-PK-Acoustic-Natural/dp/B00UOUK4IE/ref=sr_1_70?crid=39WIIFGVHNH47&keywords=guitars&qid=1659377115&sprefix=%2Caps%2C222&sr=8-70
81,Ibanez,"Ibanez MD39C-NT Acoustic Guitar (Natural), Designed in Japan and Made Specially for India","6,999",Available," Wednesday, August 10",7 Days Replacement,Not Applicable,https://www.amazon.in/Ibanez-IBA-MD39CNT-Acoustic-Guitar-MD39C-NT/dp/B07G4CCMYL/ref=sr_1_71?crid=39WIIFGVHNH47&keywords=guitars&qid=1659377115&sprefix=%2Caps%2C222&sr=8-71
82,YAMAHA,"YAMAHA FS100C Rose Wood Acoustic Guitar, Natural","9,990",Available," Monday, August 8",7 Days Replacement,Not Applicable,https://www.amazon.in/Yamaha-FS100C-Acoustic-Guitars-Natural/dp/B00QKD79QE/ref=sr_1_72?crid=39WIIFGVHNH47&keywords=guitars&qid=1659377115&sprefix=%2Caps%2C222&sr=8-72
83,Medellin,"Medellin 38"" Carbon Fiber Acoustic Guitar with free specailized learning course- MDCF38BK Durable Carbon Fiber Matt Pink finish Body for beginners with handrest, set of Strings, Strap, Bag, 3 Picks, Capo, Guitar Wall Hanging Stand and Free GUITAR LEARNING COURSE (Special Learning Combo with Guitar)","2,499",Available," Saturday, August 6",7 Days Replacement,Not Applicable,https://www.amazon.in/Medellin-Acoustic-specailized-learning-beginners/dp/B09MSH3RY1/ref=sr_1_73?crid=39WIIFGVHNH47&keywords=guitars&qid=1659377115&sprefix=%2Caps%2C222&sr=8-73
84,YAMAHA,YAMAHA FS80C NATURAL CONCERT CUTAWAY GUITAR,-,Available,-,7 Days Replacement,Not Applicable,https://www.amazon.in/YAMAHA-NATURAL-CONCERT-CUTAWAY-GUITAR/dp/B08KW4DRKL/ref=sr_1_74?crid=39WIIFGVHNH47&keywords=guitars&qid=1659377115&sprefix=%2Caps%2C222&sr=8-74
85,Yamaha,"Yamaha F310 Acoustic Guitar with Cover (Natural, 6-Strings)","10,880",Available,August 8 - 10,7 Days Replacement,Not Applicable,https://www.amazon.in/Yamaha-F310Cover-Acoustic-Natural-6-Strings/dp/B01LXMGHL5/ref=sr_1_75?crid=39WIIFGVHNH47&keywords=guitars&qid=1659377115&sprefix=%2Caps%2C222&sr=8-75
86,Ibanez,"Ibanez Acoustic Guitar MD39C Right Handed Cutaway Guitar - Sunburst With Bag, Belt, Plectrums Complete Pack.","8,799",Available," Friday, August 12",7 Days Replacement,Not Applicable,https://www.amazon.in/Ibanez-Acoustic-Guitar-Handed-Cutaway/dp/B08FMW8KVY/ref=sr_1_76?crid=39WIIFGVHNH47&keywords=guitars&qid=1659377115&sprefix=%2Caps%2C222&sr=8-76
87,INTERN,"INTERN 40 inches Acoustic Guitar with Pick-up & truss rod, carry bag, strings pack, strap & picks. Premium Wooden durable built, Best tonal stability with professional sound amplificaiton. (White).","4,499",Available," Tuesday, August 9",7 Days Replacement,Not Applicable,https://www.amazon.in/Acoustic-Pick-up-stability-professional-amplificaiton/dp/B09YH7WJP3/ref=sr_1_77?crid=39WIIFGVHNH47&keywords=guitars&qid=1659377115&sprefix=%2Caps%2C222&sr=8-77
88,Fender,Fender Squier SA-150 Dreadnought Acoustic Guitar 0961090021,-,Available,-,7 Days Replacement,Not Applicable,https://www.amazon.in/Fender-SA-150-Acoustic-Guitar-Multicolor/dp/B0765G46BM/ref=sr_1_78?crid=39WIIFGVHNH47&keywords=guitars&qid=1659377115&sprefix=%2Caps%2C222&sr=8-78
89,Hovner,"Hovner Carlton Special Quality Rosewood Fretboard Blue Semi Acoustic Guitar With Bag,Strap,1 Set of Extra Strings and 2 Picks By K-Retail (Blue)","4,490",Available," Saturday, August 6",7 Days Replacement,Not Applicable,https://www.amazon.in/Carlton-Rosewood-Fretboard-Acoustic-K-Retail/dp/B07KK8P9VB/ref=sr_1_79?crid=39WIIFGVHNH47&keywords=guitars&qid=1659377115&sprefix=%2Caps%2C222&sr=8-79
90,Juarez,"Juarez Acoustic Guitar, [LEFT HANDED] 96.52 cm (38 Inch) Cutaway, 38CL/3TS with Bag, Strings, Pick and Strap, 3TS Sunburst","2,639",Available," Monday, August 8",7 Days Replacement,Not Applicable,https://www.amazon.in/Acoustic-Cutaway-3TS-Strings-Sunburst/dp/B098BD1MHM/ref=sr_1_80?crid=39WIIFGVHNH47&keywords=guitars&qid=1659377115&sprefix=%2Caps%2C222&sr=8-80
91,Fender,Fender Squier MM Stratocaster Electric Guitar - Red with Maple Neck,"8,999",Available," Tuesday, August 9",7 Days Replacement,Not Applicable,https://www.amazon.in/Fender-Squier-Stratocaster-Electric-Guitar/dp/B07TG9F8SL/ref=sr_1_81?crid=39WIIFGVHNH47&keywords=guitars&qid=1659377115&sprefix=%2Caps%2C222&sr=8-81
92,Yamaha,"Yamaha F280 Acoustic Guitar Dreadnought With Mexa Guitar Bag, Belt, String Set, Plectrums & Guitar Stand (Tsb)","10,599",Only 1 left in stock.,+,7 Days Replacement,Not Applicable,https://www.amazon.in/Yamaha-F280-Acoustic-Dreadnought-Plectrum/dp/B08VN2V5V3/ref=sr_1_82?crid=39WIIFGVHNH47&keywords=guitars&qid=1659377115&sprefix=%2Caps%2C222&sr=8-82
93,KREEPO,KREEPO Guitar Fretboard Sticker Fingerboard Frets Note Chart Decals Stickers Beginner Learner Acoustic-Electric Guitar Multicolor(9.1cm X 14.5cm),249,Available," Wednesday, August 10",7 Days Replacement,Not Applicable,https://www.amazon.in/KREEPO-Fretboard-Fingerboard-Acoustic-Electric-Multicolor/dp/B09DWY4ZK2/ref=sr_1_83?crid=39WIIFGVHNH47&keywords=guitars&qid=1659377115&sprefix=%2Caps%2C222&sr=8-83
94,INTERN,"INTERN 40 inches Acoustic Guitar with Pick-up & truss rod, carry bag, strings pack, strap & picks. Premium Wooden durable built, tonal stability with professional sound amplificaiton. (Black).","4,499",Available," Saturday, August 6",7 Days Replacement,Not Applicable,https://www.amazon.in/Acoustic-Pick-up-stability-professional-amplificaiton/dp/B09YHCR3R8/ref=sr_1_84?crid=39WIIFGVHNH47&keywords=guitars&qid=1659377115&sprefix=%2Caps%2C222&sr=8-84
95,Henrix,"Henrix Cutaway Acoustic Guitar- VARIATION (38CLHNT (Left Handed), Natural)","2,849",Available," Tuesday, August 9",7 Days Replacement,Not Applicable,https://www.amazon.in/Henrix-Handed-Cutway-Acoustic-Polishing/dp/B08R3DKYGM/ref=sr_1_85?crid=39WIIFGVHNH47&keywords=guitars&qid=1659377115&sprefix=%2Caps%2C222&sr=8-85
96,INTERN,"INTERN 41 inches Acoustic Guitar with truss rod. Includes carry bag, strings pack, strap & plectrums. Premium Wooden durable built, tonal stability & for all age-groups (Jamming Black).","4,199",Available," Saturday, August 6",7 Days Replacement,Not Applicable,https://www.amazon.in/Acoustic-strings-plectrums-stability-age-groups/dp/B09YHC3LX6/ref=sr_1_86?crid=39WIIFGVHNH47&keywords=guitars&qid=1659377115&sprefix=%2Caps%2C222&sr=8-86
97,4-string,"4-string acoustic guitar learning kids toy, brown 18-Multi color",749,Available," Tuesday, August 9",7 Days Replacement,Not Applicable,https://www.amazon.in/4-string-acoustic-guitar-learning-18-Multi/dp/B09BW7CS1D/ref=sr_1_87?crid=39WIIFGVHNH47&keywords=guitars&qid=1659377115&sprefix=%2Caps%2C222&sr=8-87
98,INTERN,"INTERN 40 inches Acoustic Guitar with Pick-up & truss rod, carry bag, strings pack, strap & picks. Premium Wooden durable built, Best tonal stability with professional sound amplificaiton. (Blue).","4,499",Available," Tuesday, August 9",7 Days Replacement,Not Applicable,https://www.amazon.in/Acoustic-Pick-up-stability-professional-amplificaiton/dp/B09YH89JZQ/ref=sr_1_88?crid=39WIIFGVHNH47&keywords=guitars&qid=1659377115&sprefix=%2Caps%2C222&sr=8-88
99,Juarez,"Juarez JRZ-ST02 6-String Electric Guitar, Right Handed, Red, with Case/Bag and Picks","5,739",Available," Monday, August 8",7 Days Replacement,Not Applicable,https://www.amazon.in/Juarez-JRZ-ST01-6-String-Electric-Without/dp/B01FYZSOHG/ref=sr_1_89?crid=39WIIFGVHNH47&keywords=guitars&qid=1659377115&sprefix=%2Caps%2C222&sr=8-89
100,NGEL,NGEL 4 String Guitar for Kids || Educational Guitar for Beginners Kids || 20 Inch Guitar Instrument - ( Multicolour ),749,Available," Tuesday, August 9",7 Days Returnable,Not Applicable,https://www.amazon.in/NGEL-String-Educational-Beginners-Instrument/dp/B09PHMBW3D/ref=sr_1_90?crid=39WIIFGVHNH47&keywords=guitars&qid=1659377115&sprefix=%2Caps%2C222&sr=8-90
101,Neowood,"Neowood AT-01A-Guitar Tuner-Black Automatic Digital Tuner (Chromatic: Yes, Black)",249,Only 1 left in stock.," Sunday, August 7",7 Days Replacement,Not Applicable,https://www.amazon.in/Neowood-AT-01A-Guitar-Tuner-Black-Automatic-Chromatic/dp/B09XHTXG97/ref=sr_1_91?crid=39WIIFGVHNH47&keywords=guitars&qid=1659377115&sprefix=%2Caps%2C222&sr=8-91
102,Blueberry,"Blueberry B-D38, 38"" Acoustic Guitar Kit Inbuilt Truss Rod with Bag, Strap, One Pack Strings And Picks (Black)","2,795",Available," Tuesday, August 9",7 Days Replacement,Not Applicable,https://www.amazon.in/Blueberry-B-D38-Acoustic-Inbuilt-Strings/dp/B07PGV8VCB/ref=sr_1_92?crid=39WIIFGVHNH47&keywords=guitars&qid=1659377115&sprefix=%2Caps%2C222&sr=8-92
103,Fender,Fender CD60s Dreadnought Acoustic Guitar (Mahagony),"17,220",Available," Monday, August 8",7 Days Replacement,Not Applicable,https://www.amazon.in/Fender-961702021-Dreadnought-Acoustic-Multicolor/dp/B01N4RWSX1/ref=sr_1_93?crid=39WIIFGVHNH47&keywords=guitars&qid=1659377115&sprefix=%2Caps%2C222&sr=8-93
104,YAMAHA,YAMAHA C40M Mahogany Classical Guitar,"7,434",Available," Monday, August 8",7 Days Replacement,Not Applicable,https://www.amazon.in/Yamaha-C40MII-Acoustic-Concert-Guitar/dp/B005LG2JRK/ref=sr_1_94?crid=39WIIFGVHNH47&keywords=guitars&qid=1659377115&sprefix=%2Caps%2C222&sr=8-94
105,Yamaha,"Yamaha Acoustic Guitar F310 Dreadnought With Mexa Blue Guitar Bag, Head Cover, Belt, Plectrums & String Set.","12,580",Only 2 left in stock.," Friday, August 12",7 Days Replacement,Not Applicable,https://www.amazon.in/Yamaha-Acoustic-Guitar-Dreadnought-Plectrums/dp/B094H8NGBM/ref=sr_1_95?crid=39WIIFGVHNH47&keywords=guitars&qid=1659377115&sprefix=%2Caps%2C222&sr=8-95
106,Yamaha,"Yamaha F370 Acoustic Guitar, Natural","12,990",Only 2 left in stock.," Monday, August 8",7 Days Replacement,Not Applicable,https://www.amazon.in/Yamaha-F370-Acoustic-Guitar-Natural/dp/B000WITPJM/ref=sr_1_96?crid=39WIIFGVHNH47&keywords=guitars&qid=1659377115&sprefix=%2Caps%2C222&sr=8-96
107,INTERN,"INTERN Cutaway Design Acoustic Guitar Pack -Humidity Proof, Bend resistance, Durable Action, Natural tone & bright resonance. Red Carbon Fibre/Fiber Guitar with Bag, Strap, Strings set & Plectrums.","2,589",Available," Saturday, August 6",7 Days Replacement,Not Applicable,https://www.amazon.in/Acoustic-Humidity-resistance-resonance-Plectrums/dp/B09RR1SG7X/ref=sr_1_97?crid=39WIIFGVHNH47&keywords=guitars&qid=1659377261&sprefix=%2Caps%2C222&sr=8-97
108,Saga,Saga SF-600CE Dreadnought Electro Acoustic Guitar (Natural),"13,699",Available," Sunday, August 7",7 Days Replacement,Not Applicable,https://www.amazon.in/SF-600CE-Dreadnought-Electro-Acoustic-Natural/dp/B0B2K963G7/ref=sr_1_98?crid=39WIIFGVHNH47&keywords=guitars&qid=1659377261&sprefix=%2Caps%2C222&sr=8-98
109,Hovner,"Hovner 215 Red F-Cut Rosewood Fretboard Acoustic Guitar With Bag,Strap,1 Set of Extra Strings and 2 Picks (Red)","4,280",Only 2 left in stock.," Saturday, August 6",7 Days Replacement,Not Applicable,https://www.amazon.in/215-Rosewood-Fretboard-Acoustic-Strings/dp/B08RCS8V9K/ref=sr_1_99?crid=39WIIFGVHNH47&keywords=guitars&qid=1659377261&sprefix=%2Caps%2C222&sr=8-99
110,Kadence,"Kadence Frontier 34inch guitar for Kids, Travel Guitar for Adult Acoustic Guitar with Die Cast Keys, Set of Strings, Strap, Picks and Bag (Yellow Guitar)","3,399",Available,August 3 - 9,7 Days Replacement,Not Applicable,https://www.amazon.in/Kadence-Frontier-34inch-Acoustic-Strings/dp/B09RMHR35R/ref=sr_1_100?crid=39WIIFGVHNH47&keywords=guitars&qid=1659377261&sprefix=%2Caps%2C222&sr=8-100
111,Ketostics™,"Ketostics™ Venus Special Cutaway Rosewood 41 Inch Givson Acoustic Guitar Kit with Bag, Rhythm String Set, Strap and 5 Plectrums, (Blue)","4,199",Available," Sunday, August 7",7 Days Replacement,Not Applicable,https://www.amazon.in/Ketostics-Givson-Special-Acoustic-Plectrums/dp/B08JCXZGJW/ref=sr_1_101?crid=39WIIFGVHNH47&keywords=guitars&qid=1659377261&sprefix=%2Caps%2C222&sr=8-101
112,Kadence,"Kadence AstroMan Electric Guitar, 21 FRETS, ROSEWOOD FRETBOARD, H - S - S PICK UPS Sunburst combo with Bag, Guitar strap,guitar cable and Picks","6,999",Available," Sunday, August 7",7 Days Replacement,Not Applicable,https://www.amazon.in/Kadence-Electric-Guitar-Rosewood-Fretboard/dp/B07BGXN7P6/ref=sr_1_102?crid=39WIIFGVHNH47&keywords=guitars&qid=1659377261&sprefix=%2Caps%2C222&sr=8-102
113,Festra,"Festra 38C, 38 Inch Acoustic Guitar Kit with Bag, Strap, One Pack Strings And 2 Picks (Black) (Acoustic 38C (38 Inch) Guitar Kit, Natural)","2,695",Available," Tuesday, August 9",7 Days Replacement,Not Applicable,https://www.amazon.in/Festra-38C-Acoustic-Strings-Natural/dp/B09JT6C952/ref=sr_1_103?crid=39WIIFGVHNH47&keywords=guitars&qid=1659377261&sprefix=%2Caps%2C222&sr=8-103
114,Yamaha,"Yamaha FS100C, 6-Strings Acoustic Guitar With Sponge Bag, Belt & Plectrums Combo Pack (Natural) By Mexa","11,593",Available,August 8 - 10,7 Days Replacement,Not Applicable,https://www.amazon.in/FS100C-6-Strings-Acoustic-Plectrums-Natural/dp/B085MDF8D4/ref=sr_1_104?crid=39WIIFGVHNH47&keywords=guitars&qid=1659377261&sprefix=%2Caps%2C222&sr=8-104
115,Fender,Fender SA-150C dreadnought Squier Guitar Cutway Natural,"6,999",Available," Monday, August 8",7 Days Replacement,Not Applicable,https://www.amazon.in/Fender-SA-150C-dreadnought-Squier-Natural/dp/B07YX5N6LC/ref=sr_1_105?crid=39WIIFGVHNH47&keywords=guitars&qid=1659377261&sprefix=%2Caps%2C222&sr=8-105
116,Blueberry,"Blueberry B40L, 40"" Acoustic Guitar Kit Inbuilt Truss Rod with Bag, Strap, One Pack Strings And Picks (Classic Brown)","4,295",Available," Tuesday, August 9",7 Days Replacement,Not Applicable,https://www.amazon.in/Blueberry-Acoustic-Inbuilt-Strings-Classic/dp/B09VLF7G2D/ref=sr_1_106?crid=39WIIFGVHNH47&keywords=guitars&qid=1659377261&sprefix=%2Caps%2C222&sr=8-106
117,Ibanez,"Ibanez GRG170DX Electric Guitar, Black","22,000",Available," Monday, August 8",7 Days Replacement,Not Applicable,https://www.amazon.in/Ibanez-GRG170DX-Electric-Guitar-Black/dp/B001EM180O/ref=sr_1_107?crid=39WIIFGVHNH47&keywords=guitars&qid=1659377261&sprefix=%2Caps%2C222&sr=8-107
118,JUAREZ,JUAREZ JRZ-HSS01 ELECTRIC GUITAR (SUNBURST) - HSS Pickup with KOREA SAM HYUN brand XL042 strings and in sunburst color (JRZ-HSS01-3TS),"6,189",Available," Monday, August 8",7 Days Replacement,Not Applicable,https://www.amazon.in/JUAREZ-JRZ-HSS01-ELECTRIC-GUITAR-SUNBURST/dp/B08QNVNM1Z/ref=sr_1_108?crid=39WIIFGVHNH47&keywords=guitars&qid=1659377261&sprefix=%2Caps%2C222&sr=8-108
119,INTERN,"INTERN Cutaway Design Acoustic Guitar Pack -Humidity Proof, Bend resistant, Durable Action, Natural tone & resonance. Natural Carbon Fibre/Fiber Guitar with Bag, Strap, Strings set & Plectrums.","2,589",Available," Monday, August 8",7 Days Replacement,Not Applicable,https://www.amazon.in/Acoustic-Humidity-resistant-resonance-Plectrums/dp/B09RQZG25Q/ref=sr_1_109?crid=39WIIFGVHNH47&keywords=guitars&qid=1659377261&sprefix=%2Caps%2C222&sr=8-109
120,Yamaha,"Yamaha Acoustic Guitar F280 Dreadnought With Mexa Sponge Bag Belt,Plectrums, String Set & Guitar Stand (Natural)","9,399",Available," Saturday, August 6",7 Days Replacement,Not Applicable,https://www.amazon.in/Acoustic-F280-Dreadnought-Plectrums-Natural/dp/B092TPXZRN/ref=sr_1_110?crid=39WIIFGVHNH47&keywords=guitars&qid=1659377261&sprefix=%2Caps%2C222&sr=8-110
121,Vault,Vault CL-20 4/4 size Classical Guitar With Bag,"4,799",Available," Saturday, August 6",7 Days Replacement,Not Applicable,https://www.amazon.in/Vault-CL-20-size-Classical-Guitar/dp/B097NB12H3/ref=sr_1_111?crid=39WIIFGVHNH47&keywords=guitars&qid=1659377261&sprefix=%2Caps%2C222&sr=8-111
122,Yamaha,"Yamaha Electric-Acoustic Guitar FX280 Dreadnought With Mexa Sponge Guitar Bag, Belt,Plectrums (Natural)","11,890",Only 1 left in stock.," Friday, August 12",7 Days Replacement,Not Applicable,https://www.amazon.in/Electric-Acoustic-FX280-Dreadnought-Plectrums-Natural/dp/B09HSDVQDT/ref=sr_1_112?crid=39WIIFGVHNH47&keywords=guitars&qid=1659377261&sprefix=%2Caps%2C222&sr=8-112
123,Kadence,"Kadence Frontier Series,Black Acoustic Guitar With Die Cast Keys Combo (Bag,strap,strings and 3 picks)","4,999",Available," Monday, August 8",7 Days Replacement,Not Applicable,https://www.amazon.in/Kadence-Frontier-Acoustic-Guitar-Strings/dp/B01CJJG328/ref=sr_1_113?crid=39WIIFGVHNH47&keywords=guitars&qid=1659377261&sprefix=%2Caps%2C222&sr=8-113
124,Kadence,"Kadence A311, 36"" 6-strings Acoustic Guitar with bag","5,248",Available," Tuesday, August 9",7 Days Replacement,Not Applicable,https://www.amazon.in/Kadence-A311-6-strings-Acoustic-Guitar/dp/B09BN1MN2T/ref=sr_1_114?crid=39WIIFGVHNH47&keywords=guitars&qid=1659377261&sprefix=%2Caps%2C222&sr=8-114
125,Kadence,"Kadence Guitar Frontier Series, Blue Acoustic Guitar with Die Cast Keys, Set of Strings, Strap, Picks, Guitar stand, Capo and Bag, Super Combo (Blue, Acoustic)","5,499",Available," Tuesday, August 9",7 Days Replacement,Not Applicable,https://www.amazon.in/Kadence-Frontier-Acoustic-Foldable-Strings/dp/B01CJJGEVS/ref=sr_1_115?crid=39WIIFGVHNH47&keywords=guitars&qid=1659377261&sprefix=%2Caps%2C222&sr=8-115
126,Pluto,Pluto HW41C-201 41-inch Cutaway Acoustic Guitar (Natural),"6,593",Available," Monday, August 8",7 Days Replacement,Not Applicable,https://www.amazon.in/Pluto-HW41C201-HW41C-201-Acoustic-Guitar/dp/B014R94H1W/ref=sr_1_116?crid=39WIIFGVHNH47&keywords=guitars&qid=1659377261&sprefix=%2Caps%2C222&sr=8-116
127,Kadence,"Kadence Guitar Acoustica Series, Electric Acoustic Guitar, Ash Wood with Pickup and Inbuilt tuner Travel Guitar Small Size for Kids and Adult (A06-34"")","6,999",Available," Saturday, August 6",7 Days Replacement,Not Applicable,https://www.amazon.in/Kadence-Acoustica-Electric-Acoustic-Inbuilt/dp/B09RWX11TC/ref=sr_1_117?crid=39WIIFGVHNH47&keywords=guitars&qid=1659377261&sprefix=%2Caps%2C222&sr=8-117
128,Ketostics®,"Ketostics® Givson Venus Special Guitar Combo (RED) Acoustic Guitar With Cover/Bag, Rhythm String Set, Strap and 5 Plectrums","4,199",Available," Sunday, August 7",7 Days Replacement,Not Applicable,https://www.amazon.in/Ketostics%C2%AE-Givson-Special-Acoustic-Plectrums/dp/B09P5283WM/ref=sr_1_118?crid=39WIIFGVHNH47&keywords=guitars&qid=1659377261&sprefix=%2Caps%2C222&sr=8-118
129,Cort,"Cort AD810-OP Acoustic Guitar, Brown","10,499",Only 1 left in stock.," Wednesday, August 10",7 Days Replacement,Not Applicable,https://www.amazon.in/Cort-AD810-OP-Acoustic-Guitar-Brown/dp/B00VQ7YDCM/ref=sr_1_119?crid=39WIIFGVHNH47&keywords=guitars&qid=1659377261&sprefix=%2Caps%2C222&sr=8-119
130,Kadence,"Kadence Frontier Series, Semi Acoustic Guitar With Die Cast Keys (Bag,Strap,Strings And 3 Picks) (Brown)","5,999",Available," Monday, August 8",7 Days Replacement,Not Applicable,https://www.amazon.in/Kadence-Frontier-Acoustic-Guitar-Strings/dp/B07T48VTZ1/ref=sr_1_120?crid=39WIIFGVHNH47&keywords=guitars&qid=1659377261&sprefix=%2Caps%2C222&sr=8-120
131,Techblaze,Techblaze 6 Pieces Guitar Keys for Acoustic Guitar Chrome Tuning Pegs Keys 3 Left 3 Right Guitar Machine Heads Knobs With Strap Button Locks Guitar Keys 3R+3L 6 pcs- Chrome,599,Available," Sunday, August 7",7 Days Replacement,Not Applicable,https://www.amazon.in/Techblaze-Pieces-Guitar-Acoustic-Machine/dp/B08NPJKLD9/ref=sr_1_121?crid=39WIIFGVHNH47&keywords=guitars&qid=1659377261&sprefix=%2Caps%2C222&sr=8-121
132,Givson,"Givson Venus Special Cutaway Rosewood 41 Inch Acoustic Guitar Kit With Cover/Bag, String Set, Strap and 5 Plectrums (BLACK)","4,299",Available," Sunday, August 7",7 Days Replacement,Not Applicable,https://www.amazon.in/Givson-Ketostics-Guitar-Acoustic-Plectrums/dp/B08KS5MRSC/ref=sr_1_122?crid=39WIIFGVHNH47&keywords=guitars&qid=1659377261&sprefix=%2Caps%2C222&sr=8-122
133,Intern,"Intern INT-38C-NT-G Right Handed Acoustic Guitar Kit, With Bag, Strings, Pick And Strap (Natural, 6-Strings)","2,290",Available," Tuesday, August 9",7 Days Replacement,Not Applicable,https://www.amazon.in/Intern-INT-38C-NT-G-Guitar-Kit-Natural/dp/B07K9MZZH9/ref=sr_1_123?crid=39WIIFGVHNH47&keywords=guitars&qid=1659377261&sprefix=%2Caps%2C222&sr=8-123
134,Fender,"Fender Bullet Strat Electric Guitar, White","12,820",Available," Monday, August 8",7 Days Replacement,Not Applicable,https://www.amazon.in/Fender-310001580-Bullet-Electric-Guitar/dp/B001L8MB3O/ref=sr_1_124?crid=39WIIFGVHNH47&keywords=guitars&qid=1659377261&sprefix=%2Caps%2C222&sr=8-124
135,PRS,"PRS Guitars Acoustic Electric Guitar, AX20E Special India Model w/Fishman Pickup -Natural AXM20EGB,AXM20EGB NA","43,626",Available," Monday, August 8",7 Days Replacement,Not Applicable,https://www.amazon.in/PRS-Guitars-Acoustic-AXM20EGB-NA/dp/B09K5NMD7V/ref=sr_1_125?crid=39WIIFGVHNH47&keywords=guitars&qid=1659377261&sprefix=%2Caps%2C222&sr=8-125
136,Kadence,"Kadence Frontier Series, Semi Acoustic Guitar With Die Cast Keys (Bag,Strap,Strings And 3 Picks) (Natural)","5,507",Available," Tuesday, August 9",7 Days Replacement,Not Applicable,https://www.amazon.in/Kadence-Frontier-Acoustic-Natural-Equalizer/dp/B01I50UJG6/ref=sr_1_126?crid=39WIIFGVHNH47&keywords=guitars&qid=1659377261&sprefix=%2Caps%2C222&sr=8-126
137,Pyle,"Pyle Classical Acoustic Guitar 36 Inch Junior Size Beginner Starter Kit Steel String Guitarra Acustica Bundle Pack with Gig Bag, Tuner, Picks, Strap for Students Practice, Kids, Adults","18,328",Available,August 11 - 19,7 Days Replacement,Not Applicable,https://www.amazon.in/Pyle-Classical-Acoustic-Beginners-PGACLS82BK/dp/B09HMDLC2M/ref=sr_1_127?crid=39WIIFGVHNH47&keywords=guitars&qid=1659377261&sprefix=%2Caps%2C222&sr=8-127
138,Tanglewood,"Tanglewood Blackbird Semi Acoustic Guitar, 6 Strings, Slope Shoulder Dreadnought, Smokestack Black Satin Finish","16,499",Available," Sunday, August 7",7 Days Replacement,Not Applicable,https://www.amazon.in/Tanglewood-TWBB-SDE-Dreadnought-Smokestack/dp/B085CMM2YV/ref=sr_1_128?crid=39WIIFGVHNH47&keywords=guitars&qid=1659377261&sprefix=%2Caps%2C222&sr=8-128
139,Gavison,"Gavison Natural Pinewood Acoustic Guitar With Bag,Strap,1 Set of Extra Strings and 2 Picks","3,750",Only 1 left in stock.," Saturday, August 6",7 Days Replacement,Not Applicable,https://www.amazon.in/Gavison-Natural-Pinewood-Acoustic-Strings/dp/B0B5X5LHKY/ref=sr_1_129?crid=39WIIFGVHNH47&keywords=guitars&qid=1659377261&sprefix=%2Caps%2C222&sr=8-129
140,Ketostics™,"Ketostics™ Venus Special Cutaway Rosewood 41 Inch Givson Venus Special Semi-electric Acoustic Guitar Kit with Bag, Rhythm String Set, Strap and 5 Plectrums, (Black)","4,499",Available," Sunday, August 7",7 Days Replacement,Not Applicable,https://www.amazon.in/Ketostics-Givson-Special-Semi-electric-Plectrums/dp/B08GSPQ214/ref=sr_1_130?crid=39WIIFGVHNH47&keywords=guitars&qid=1659377261&sprefix=%2Caps%2C222&sr=8-130
141,Yamaha,"Yamaha FS100C Acoustic Guitar Concert body With Sponge Bag, Belt & Plectrums.","12,831",Only 1 left in stock.,August 8 - 10,7 Days Replacement,Not Applicable,https://www.amazon.in/Yamaha-FS100C-6-Strings-Acoustic-Plectrums/dp/B085MFW67Z/ref=sr_1_131?crid=39WIIFGVHNH47&keywords=guitars&qid=1659377261&sprefix=%2Caps%2C222&sr=8-131
142,Epiphone,"Epiphone DR-100 Acoustic Guitar, Ebony","15,999",Only 2 left in stock.," Tuesday, August 9",7 Days Replacement,Not Applicable,https://www.amazon.in/Epiphone-DR-100-Acoustic-Guitar-Ebony/dp/B0002D02J4/ref=sr_1_132?crid=39WIIFGVHNH47&keywords=guitars&qid=1659377261&sprefix=%2Caps%2C222&sr=8-132
143,Fender.Electro,"Fender.Electro Acoustic Guitar CD60SCE (Solid Top) All Mahogany Dreadnought 6-Strings - Rosewood Fret board-Black With Sponge bag, Belt, String set, String winder & Plectrums Complete Kit.","28,999",Only 1 left in stock.," Friday, August 12",7 Days Replacement,Not Applicable,https://www.amazon.in/CD60SCE-Solid-Top-All-Mahogany/dp/B08DN1HSN1/ref=sr_1_133?crid=39WIIFGVHNH47&keywords=guitars&qid=1659377261&sprefix=%2Caps%2C222&sr=8-133
144,JUAREZ,"JUAREZ 96.52 cm (38 Inch) Acoustic Guitar with Dual Action Truss Rod, Bag, Picks, Allen Key, Extra String Set, TBLS Blue Sunburst","3,169",Available," Tuesday, August 9",7 Days Replacement,Not Applicable,https://www.amazon.in/JUAREZ-Acoustic-Guitar-TBLS-Sunburst/dp/B08FV1B5VC/ref=sr_1_134?crid=39WIIFGVHNH47&keywords=guitars&qid=1659377261&sprefix=%2Caps%2C222&sr=8-134
145,JUAREZ,"JUAREZ 96.52 cm (38 Inch) Acoustic Guitar with Dual Action Truss Rod, Bag, Picks, Allen Key, Extra String Set, 3TS Sunburst","3,169",Available," Saturday, August 6",7 Days Replacement,Not Applicable,https://www.amazon.in/JUAREZ-Acoustic-Guitar-3TS-Sunburst/dp/B08FV1KHTT/ref=sr_1_135?crid=39WIIFGVHNH47&keywords=guitars&qid=1659377261&sprefix=%2Caps%2C222&sr=8-135
146,Medellin,"Medellin 38in Premium All Wood Acoustic Guitar Starter Kit (Blue, Super Combo Combo with Bag, Strap, Picks, String Set, Tuner, Capo)","2,999",Available," Tuesday, August 9",7 Days Replacement,Not Applicable,https://www.amazon.in/Medellin-Premium-Acoustic-Guitar-Starter/dp/B099MSYF1H/ref=sr_1_136?crid=39WIIFGVHNH47&keywords=guitars&qid=1659377261&sprefix=%2Caps%2C222&sr=8-136
147,Fender,Fender FA-125 Dreadnought Acoustic Guitar (Natural),"12,599",Only 1 left in stock.," Tuesday, August 9",7 Days Replacement,Not Applicable,https://www.amazon.in/Fender-0971110021-Dreadnought-Acoustic-Natural/dp/B07BCTL1MG/ref=sr_1_137?crid=39WIIFGVHNH47&keywords=guitars&qid=1659377261&sprefix=%2Caps%2C222&sr=8-137
148,Fender,Fender Model FA-15 Red 3/4 Size Steel Stringed Acoustic Guitar with Gig Bag-971170170,"13,690",Available," Saturday, August 6",7 Days Replacement,Not Applicable,https://www.amazon.in/Fender-091170170-Acoustic-Guitar/dp/B08PMT53X7/ref=sr_1_138?crid=39WIIFGVHNH47&keywords=guitars&qid=1659377261&sprefix=%2Caps%2C222&sr=8-138
149,Pluto,Pluto HW39C-201 39-inch Cutaway Acoustic Guitar (Black),"5,581",Available," Tuesday, August 9",7 Days Replacement,Not Applicable,https://www.amazon.in/Pluto-HW39C-201-Medium-Cutaway-Acoustic/dp/B0154UQEJG/ref=sr_1_139?crid=39WIIFGVHNH47&keywords=guitars&qid=1659377261&sprefix=%2Caps%2C222&sr=8-139
150,YAMAHA,YAMAHA PACIFICA012 Electric Guitar - Black,-,Available,-,7 Days Replacement,Not Applicable,https://www.amazon.in/Yamaha-Pacifica-PAC012-Electric-Guitar/dp/B00123DQT6/ref=sr_1_140?crid=39WIIFGVHNH47&keywords=guitars&qid=1659377261&sprefix=%2Caps%2C222&sr=8-140
151,Juârez,"Juârez JRZ38C/ZEB 6 Strings Acoustic Guitar 38 Inch Cutaway, Right Handed, Zebrawood with Bag, Strings, Picks and Strap","2,709",Available," Saturday, August 6",7 Days Replacement,Not Applicable,https://www.amazon.in/Juarez-Strings-Acoustic-Cutaway-Zebrawood/dp/B072Q9L8DG/ref=sr_1_141?crid=39WIIFGVHNH47&keywords=guitars&qid=1659377261&sprefix=%2Caps%2C222&sr=8-141
152,JUAREZ,"JUAREZ Arpéggio 41 Inch Acoustic Guitar Kit, Spruce Top, Black","6,719",Only 1 left in stock.," Tuesday, August 9",7 Days Replacement,Not Applicable,https://www.amazon.in/JUAREZ-Arp%C3%A9ggio-Acoustic-Guitar-Spruce/dp/B08KHFGKWJ/ref=sr_1_142?crid=39WIIFGVHNH47&keywords=guitars&qid=1659377261&sprefix=%2Caps%2C222&sr=8-142
153,Vault,"Vault Artisan Premium Acoustic Guitar with Solid Wood Top, Back and Sides","24,499",Only 2 left in stock.," Tuesday, August 9",7 Days Replacement,Not Applicable,https://www.amazon.in/Vault-Artisan-Premium-Acoustic-Guitar/dp/B09P179GCM/ref=sr_1_143?crid=39WIIFGVHNH47&keywords=guitars&qid=1659377261&sprefix=%2Caps%2C222&sr=8-143
154,Pack,Pack of 2 Universal Guitar Stand by Hola! Music Fits Acoustic Classical Electric Bass Guitars Mandolins Banjos Ukuleles and Other Stringed Instruments,999,Available," Monday, August 8",7 Days Replacement,Not Applicable,https://www.amazon.in/Universal-Acoustic-Classical-Mandolins-Instruments/dp/B08XBRNC7T/ref=sr_1_144?crid=39WIIFGVHNH47&keywords=guitars&qid=1659377261&sprefix=%2Caps%2C222&sr=8-144
