,Brand,Product Name,Price(â‚¹),Availability,Expected Delivery,Return Policy,Exchange,Product Url
0,AmazonBasics,AmazonBasics 564 L Side-by-Side Door Refrigerator (Black Glass Door),"54,999",Available," Wed, 3 Aug, 7:00 am - 9:00 pm","10 days, Replacement Only","Yes, Upto Rs.1,500.00 off",https://www.amazon.in/gp/slredirect/picassoRedirect.html/ref=pa_sp_atf_aps_sr_pg1_1?ie=UTF8&adId=A06883431Y29ZDMX0DB0S&url=%2FAmazonBasics-Frost-Side-Refrigerator-Dispenser%2Fdp%2FB07R9NJCVZ%2Fref%3Dsr_1_1_sspa%3Fcrid%3D1MOS9MN9NX5UF%26keywords%3Drefrigerator%26qid%3D1659372597%26sprefix%3D%252Caps%252C395%26sr%3D8-1-spons%26psc%3D1&qualifier=1659372597&id=2978823883127205&widgetName=sp_atf
1,Godrej,"Godrej 185 L 2 Star Direct Cool Single Door Refrigerator (RD EDGE 200B 23 WRF PL PR, Pearl Purple, Large Vegetable Tray)","12,390",Available," Wed, 3 Aug, 7:00 am - 9:00 pm","10 days, Replacement Only","Yes, Upto Rs.1,500.00 off",https://www.amazon.in/gp/slredirect/picassoRedirect.html/ref=pa_sp_atf_aps_sr_pg1_1?ie=UTF8&adId=A08166142L9WNG96V41AV&url=%2FGodrej-Direct-Single-Refrigerator-Vegetable%2Fdp%2FB0B1JK7RJ4%2Fref%3Dsr_1_2_sspa%3Fcrid%3D1MOS9MN9NX5UF%26keywords%3Drefrigerator%26qid%3D1659372597%26sprefix%3D%252Caps%252C395%26sr%3D8-2-spons%26psc%3D1&qualifier=1659372597&id=2978823883127205&widgetName=sp_atf
2,Samsung,"Samsung 192 L 2 Star Direct Cool Single Door Refrigerator (RR19A241BGS/NL, Grey Silver)","13,190",Available," Wed, 3 Aug, 7:00 am - 9:00 pm","10 days, Replacement Only","Yes, Upto Rs.1,500.00 off",https://www.amazon.in/Samsung-Direct-Refrigerator-RR19A241BGS-NL/dp/B08SC2ZTDP/ref=sr_1_3?crid=1MOS9MN9NX5UF&keywords=refrigerator&qid=1659372597&sprefix=%2Caps%2C395&sr=8-3
3,LG,"LG 190L 5 Star Direct-Cool Smart Inverter Single Door Refrigerator (GL-D201ASPZ, Scarlet Plumeria, Base stand with drawer)","17,690",Available," Mon, 8 Aug, 7:00 am - 9:00 pm","10 days, Replacement Only","Yes, Upto Rs.1,500.00 off",https://www.amazon.in/LG-Direct-Cool-Inverter-Refrigerator-GL-D201ASPZ/dp/B0999S3MD4/ref=sr_1_omk_4?crid=1MOS9MN9NX5UF&keywords=refrigerator&qid=1659372597&sprefix=%2Caps%2C395&sr=8-4
4,Samsung,"Samsung 198 L 4 Star Inverter Direct-Cool Single Door Refrigerator (RR21T2H2XCR/HL, Camellia Purple, Base Stand with Drawer)","16,750",Available," Wed, 3 Aug, 7:00 am - 9:00 pm","10 days, Replacement Only","Yes, Upto Rs.1,500.00 off",https://www.amazon.in/Samsung-Direct-Cool-Refrigerator-RR21T2H2XCR-HL/dp/B08446154L/ref=sr_1_5?crid=1MOS9MN9NX5UF&keywords=refrigerator&qid=1659372597&sprefix=%2Caps%2C395&sr=8-5
5,LG,"LG 260L 3 Star Smart Inverter Frost-Free Double Door Refrigerator (GL-I292RPZX, Shiny Steel, Door Cooling+)","25,290",Available," Wed, 3 Aug, 7:00 am - 9:00 pm","10 days, Replacement Only","Yes, Upto Rs.1,500.00 off",https://www.amazon.in/LG-Inverter-Frost-Free-Refrigerator-GL-I292RPZX/dp/B08X72GY5Q/ref=sr_1_6?crid=1MOS9MN9NX5UF&keywords=refrigerator&qid=1659372597&sprefix=%2Caps%2C395&sr=8-6
6,Samsung,"Samsung 253 L 3 Star with Inverter Double Door Refrigerator (RT28A3453S8/HL, Elegant Inox)","24,490",Available," Wed, 3 Aug, 7:00 am - 9:00 pm","10 days, Replacement Only","Yes, Upto Rs.1,500.00 off",https://www.amazon.in/Samsung-Inverter-Refrigerator-RT28A3453S8-HL/dp/B08SBSL8Y2/ref=sr_1_7?crid=1MOS9MN9NX5UF&keywords=refrigerator&qid=1659372597&sprefix=%2Caps%2C395&sr=8-7
7,Samsung,"Samsung 192 L 3 Star Inverter Direct-Cool Single Door Refrigerator (RR20T172YS8/HL, Elegant Inox)","15,190",Available," Wed, 3 Aug, 7:00 am - 9:00 pm","10 days, Replacement Only","Yes, Upto Rs.1,500.00 off",https://www.amazon.in/Samsung-Direct-Cool-Refrigerator-RR20T172YS8-HL/dp/B08346JDBY/ref=sr_1_8?crid=1MOS9MN9NX5UF&keywords=refrigerator&qid=1659372597&sprefix=%2Caps%2C395&sr=8-8
8,Candy,"Candy 170 L 2 Star Direct-Cool Single Door Refrigerator (CDSD522170MS, Moon Silver)","10,790",Available," Mon, 8 Aug, 7:00 am - 9:00 pm","10 days, Replacement Only","Yes, Upto Rs.1,500.00 off",https://www.amazon.in/Candy-Direct-Cool-Single-Refrigerator-CDSD522170MS/dp/B08Z7CTKQG/ref=sr_1_9?crid=1MOS9MN9NX5UF&keywords=refrigerator&qid=1659372597&sprefix=%2Caps%2C395&sr=8-9
9,Godrej,"Godrej 185 L 2 Star Direct Cool Single Door Refrigerator (RD EDGE 200B 23 WRF PL PR, Pearl Purple, Large Vegetable Tray)","12,390",Available," Wed, 3 Aug, 7:00 am - 9:00 pm","10 days, Replacement Only","Yes, Upto Rs.1,500.00 off",https://www.amazon.in/Godrej-Direct-Single-Refrigerator-Vegetable/dp/B0B1JK7RJ4/ref=sr_1_10?crid=1MOS9MN9NX5UF&keywords=refrigerator&qid=1659372597&sprefix=%2Caps%2C395&sr=8-10
10,AmazonBasics,AmazonBasics 564 L Side-by-Side Door Refrigerator (Silver Steel Finish),"54,999",Available," Wed, 3 Aug, 7:00 am - 9:00 pm","10 days, Replacement Only","Yes, Upto Rs.1,500.00 off",https://www.amazon.in/gp/slredirect/picassoRedirect.html/ref=pa_sp_mtf_aps_sr_pg1_1?ie=UTF8&adId=A0376608SEVBILUKH6JV&url=%2FAmazonBasics-Refrigerator-Dispenser-Silver-Finish%2Fdp%2FB07R9NJFYF%2Fref%3Dsr_1_11_sspa%3Fcrid%3D1MOS9MN9NX5UF%26keywords%3Drefrigerator%26qid%3D1659372597%26sprefix%3D%252Caps%252C395%26sr%3D8-11-spons%26psc%3D1&qualifier=1659372597&id=2978823883127205&widgetName=sp_mtf
11,Samsung,"Samsung 230 L 3 Star Inverter Single Door Refrigerator (RR24A2Y2YS8/NL, Elegant Inox)","17,090",Available," Mon, 8 Aug, 7:00 am - 9:00 pm","10 days, Replacement Only","Yes, Upto Rs.1,500.00 off",https://www.amazon.in/gp/slredirect/picassoRedirect.html/ref=pa_sp_mtf_aps_sr_pg1_1?ie=UTF8&adId=A012662133KZGV14SFSGB&url=%2FSamsung-Inverter-Refrigerator-RR24A2Y2YS8-NL%2Fdp%2FB08SC26TC4%2Fref%3Dsr_1_12_sspa%3Fcrid%3D1MOS9MN9NX5UF%26keywords%3Drefrigerator%26qid%3D1659372597%26sprefix%3D%252Caps%252C395%26sr%3D8-12-spons%26psc%3D1&qualifier=1659372597&id=2978823883127205&widgetName=sp_mtf
12,LG,"LG 190 L 4 Star Inverter Direct-Cool Single Door Refrigerator (GL-D201ASCY, Scarlet Charm, Base stand with Drawer)","16,690",Available," Mon, 8 Aug, 7:00 am - 9:00 pm","10 days, Replacement Only","Yes, Upto Rs.1,500.00 off",https://www.amazon.in/LG-Inverter-Direct-Cool-Refrigerator-GL-D201ASCY/dp/B084YC1FHT/ref=sr_1_13?crid=1MOS9MN9NX5UF&keywords=refrigerator&qid=1659372597&sprefix=%2Caps%2C395&sr=8-13
13,Samsung,"Samsung 345 L 3 Star Digital Inverter Frost Free Double Door Refrigerator (RT37A4513BX/HL, Convertible, Luxe Black)","36,490",Available," Tue, 9 Aug, 7:00 am - 9:00 pm","10 days, Replacement Only","Yes, Upto Rs.1,500.00 off",https://www.amazon.in/Samsung-Refrigerator-RT37A4513BX-HL-Convertible/dp/B097T1PBVF/ref=sr_1_14?crid=1MOS9MN9NX5UF&keywords=refrigerator&qid=1659372597&sprefix=%2Caps%2C395&sr=8-14
14,Whirlpool,"Whirlpool 190 L 3 Star Direct-Cool Single Door Refrigerator (WDE 205 CLS 3S, Blue)","14,390",Available," Wed, 3 Aug, 7:00 am - 9:00 pm","10 days, Replacement Only","Yes, Upto Rs.1,500.00 off",https://www.amazon.in/Whirlpool-Refrigerator-WDE-205-CLS/dp/B083KVZQ7Z/ref=sr_1_15?crid=1MOS9MN9NX5UF&keywords=refrigerator&qid=1659372597&sprefix=%2Caps%2C395&sr=8-15
15,Samsung,"Samsung 253L 3 Star Inverter Frost Free Double Door Refrigerator (RT28T3743S8/HL, Elegant Inox, Convertible)","26,290",Available," Wed, 3 Aug, 7:00 am - 9:00 pm","10 days, Replacement Only","Yes, Upto Rs.1,500.00 off",https://www.amazon.in/Samsung-Refrigerator-RT28T3743S8-HL-Convertible/dp/B08346545V/ref=sr_1_16?crid=1MOS9MN9NX5UF&keywords=refrigerator&qid=1659372597&sprefix=%2Caps%2C395&sr=8-16
16,Samsung,"Samsung 230 L 3 Star Inverter Single Door Refrigerator (RR24A2Y2YS8/NL, Elegant Inox)","17,090",Available," Mon, 8 Aug, 7:00 am - 9:00 pm","10 days, Replacement Only","Yes, Upto Rs.1,500.00 off",https://www.amazon.in/Samsung-Inverter-Refrigerator-RR24A2Y2YS8-NL/dp/B08SC26TC4/ref=sr_1_17?crid=1MOS9MN9NX5UF&keywords=refrigerator&qid=1659372597&sprefix=%2Caps%2C395&sr=8-17
17,Whirlpool,"Whirlpool 240 L Frost Free Multi-Door Refrigerator (FP 263D PROTTON ROY, German Steel)","27,490",Available," Wed, 3 Aug, 7:00 am - 9:00 pm","10 days, Replacement Only","Yes, Upto Rs.1,500.00 off",https://www.amazon.in/Whirlpool-Refrigerator-263D-PROTTON-ROY/dp/B07NBZ43PH/ref=sr_1_18?crid=1MOS9MN9NX5UF&keywords=refrigerator&qid=1659372597&sprefix=%2Caps%2C395&sr=8-18
18,Haier,"Haier 53 L 2 Star Direct-Cool Single Door Mini Refrigerator (HR-65KS, Black)",-,Available,-,"10 days, Replacement Only",Not Applicable,https://www.amazon.in/Haier-Direct-Cool-Single-Desktop-HR-65KS/dp/B08LF1Z4S2/ref=sr_1_19?crid=1MOS9MN9NX5UF&keywords=refrigerator&qid=1659372597&sprefix=%2Caps%2C395&sr=8-19
19,Godrej,"Godrej 99 L 2 Star Inverter Direct Cool Single Door Refrigerator (RD CHAMP 114B 23 EWI MG WN, Magic Wine, Wired Shelves)","11,490",Available," Tue, 9 Aug, 7:00 am - 9:00 pm","10 days, Replacement Only","Yes, Upto Rs.1,500.00 off",https://www.amazon.in/Godrej-Inverter-Direct-Refrigerator-Shelves/dp/B09LCHBJMQ/ref=sr_1_20?crid=1MOS9MN9NX5UF&keywords=refrigerator&qid=1659372597&sprefix=%2Caps%2C395&sr=8-20
20,AmazonBasics,AmazonBasics 468 L Frost Free Side-By-Side Refrigerator,"42,999",Available," Wed, 3 Aug, 7:00 am - 9:00 pm","10 days, Replacement Only","Yes, Upto Rs.1,500.00 off",https://www.amazon.in/gp/slredirect/picassoRedirect.html/ref=pa_sp_btf_aps_sr_pg1_1?ie=UTF8&adId=A02727742CSBQCICMO5T9&url=%2FAmazonBasics-AB2019RF008-Refrigerator-Model-8%2Fdp%2FB07R59VSRG%2Fref%3Dsr_1_21_sspa%3Fcrid%3D1MOS9MN9NX5UF%26keywords%3Drefrigerator%26qid%3D1659372597%26sprefix%3D%252Caps%252C395%26sr%3D8-21-spons%26psc%3D1&qualifier=1659372597&id=2978823883127205&widgetName=sp_btf
21,Samsung,"Samsung 253 L 3 Star with Inverter Double Door Refrigerator (RT28A3453S8/HL, Elegant Inox)","24,490",Available," Wed, 3 Aug, 7:00 am - 9:00 pm","10 days, Replacement Only","Yes, Upto Rs.1,500.00 off",https://www.amazon.in/gp/slredirect/picassoRedirect.html/ref=pa_sp_btf_aps_sr_pg1_1?ie=UTF8&adId=A01035858O3RXKPC6F32&url=%2FSamsung-Inverter-Refrigerator-RT28A3453S8-HL%2Fdp%2FB08SBSL8Y2%2Fref%3Dsr_1_22_sspa%3Fcrid%3D1MOS9MN9NX5UF%26keywords%3Drefrigerator%26qid%3D1659372597%26sprefix%3D%252Caps%252C395%26sr%3D8-22-spons%26psc%3D1&qualifier=1659372597&id=2978823883127205&widgetName=sp_btf
22,AmazonBasics,"AmazonBasics 411 L 2 star Frost Free Double Door Refrigerator (Grey, Multi-airflow system)","30,999",Available," Wed, 3 Aug, 7:00 am - 9:00 pm","10 days, Replacement Only","Yes, Upto Rs.1,500.00 off",https://www.amazon.in/gp/slredirect/picassoRedirect.html/ref=pa_sp_atf_next_aps_sr_pg2_1?ie=UTF8&adId=A02721942QQO6SLFNX2K2&url=%2FAmazonBasics-AB2019RF007-Refrigerator-Model-7%2Fdp%2FB07R9NJMGB%2Fref%3Dsr_1_17_sspa%3Fcrid%3D1MOS9MN9NX5UF%26keywords%3Drefrigerator%26qid%3D1659372689%26sprefix%3D%252Caps%252C395%26sr%3D8-17-spons%26psc%3D1&qualifier=1659372689&id=3828164566859793&widgetName=sp_atf_next
23,AmazonBasics,"AmazonBasics 670 L French Door Frost Free Refrigerator (Silver, Triple cooling zone, Convertible)","71,999",Available," Wed, 3 Aug, 7:00 am - 9:00 pm","10 days, Replacement Only","Yes, Upto Rs.1,500.00 off",https://www.amazon.in/gp/slredirect/picassoRedirect.html/ref=pa_sp_atf_next_aps_sr_pg2_1?ie=UTF8&adId=A077648215PWOKFTECGIA&url=%2FAmazonBasics-AB2019RF009-Refrigerator-Model-9%2Fdp%2FB07R9NK33K%2Fref%3Dsr_1_18_sspa%3Fcrid%3D1MOS9MN9NX5UF%26keywords%3Drefrigerator%26qid%3D1659372689%26sprefix%3D%252Caps%252C395%26sr%3D8-18-spons%26psc%3D1&qualifier=1659372689&id=3828164566859793&widgetName=sp_atf_next
24,Godrej,"Godrej 185 L 4 Star Inverter Direct-Cool Single Door Refrigerator (RD UNO 1854 PTI AQ BL, Aqua Blue, Cool Lock Technology)","14,590",Available," Mon, 8 Aug, 7:00 am - 9:00 pm","10 days, Replacement Only","Yes, Upto Rs.1,500.00 off",https://www.amazon.in/Godrej-Inverter-Direct-Cool-Single-Refrigerator/dp/B08VJ4R17W/ref=sr_1_19?crid=1MOS9MN9NX5UF&keywords=refrigerator&qid=1659372689&sprefix=%2Caps%2C395&sr=8-19
25,Samsung,"Samsung 198 L 5 Star Inverter Direct-Cool Single Door Refrigerator (RR21T2H2WCB/HL, Camellia Black, Base Stand with Drawer)","18,000",Available," Wed, 3 Aug, 7:00 am - 9:00 pm","10 days, Replacement Only","Yes, Upto Rs.1,500.00 off",https://www.amazon.in/Samsung-Direct-Cool-Refrigerator-RR21T2H2WCB-HL/dp/B08445PP98/ref=sr_1_20?crid=1MOS9MN9NX5UF&keywords=refrigerator&qid=1659372689&sprefix=%2Caps%2C395&sr=8-20
26,Samsung,"Samsung 192 L 3 star Inverter Direct Cool Single Door Refrigerator (RR20A1Y2YU8/HL, Saffron Blue)","15,090",Available," Wed, 3 Aug, 7:00 am - 9:00 pm","10 days, Replacement Only","Yes, Upto Rs.1,500.00 off",https://www.amazon.in/Samsung-Inverter-Refrigerator-RR20A1Z2YR8-HL/dp/B08RZ2JKK5/ref=sr_1_21?crid=1MOS9MN9NX5UF&keywords=refrigerator&qid=1659372689&sprefix=%2Caps%2C395&sr=8-21
27,Whirlpool,"Whirlpool 190 L 2 Star Direct-Cool Single Door Refrigerator (WDE 205 CLS 2S, Wine)","12,790",Available," Wed, 3 Aug, 7:00 am - 9:00 pm","10 days, Replacement Only","Yes, Upto Rs.1,500.00 off",https://www.amazon.in/Whirlpool-Refrigerator-WDE-205-CLS/dp/B083KVTQ6Z/ref=sr_1_22?crid=1MOS9MN9NX5UF&keywords=refrigerator&qid=1659372689&sprefix=%2Caps%2C395&sr=8-22
28,Samsung,"Samsung 225 L 4 Star Inverter Direct Cool Single Door Refrigerator(RR23A2F3X9U/HL, Paradise Blue, Base Stand with Drawer, Digi-Touch Cool)","20,490",Available," Wed, 3 Aug, 7:00 am - 9:00 pm","10 days, Replacement Only","Yes, Upto Rs.1,500.00 off",https://www.amazon.in/Samsung-Refrigerator-RR23A2F3X9U-HL-Digi-Touch/dp/B08SM5GCD8/ref=sr_1_23?crid=1MOS9MN9NX5UF&keywords=refrigerator&qid=1659372689&sprefix=%2Caps%2C395&sr=8-23
29,Samsung,"Samsung 345L 3 Star Inverter Frost Free Double Door Refrigerator (RT37T4513S8/HL, Elegant Inox, Convertible)","35,990",Available," Tue, 9 Aug, 7:00 am - 9:00 pm","10 days, Replacement Only","Yes, Upto Rs.1,500.00 off",https://www.amazon.in/Samsung-Refrigerator-RT37T4513S8-HL-Convertible/dp/B08345Q835/ref=sr_1_24?crid=1MOS9MN9NX5UF&keywords=refrigerator&qid=1659372689&sprefix=%2Caps%2C395&sr=8-24
30,Samsung,"Samsung 198 L 4 Star Inverter Direct Cool Single Door Refrigerator (RR21A2C2XDX/HL, Luxe Brown, Digi-Touch Cool)","16,540",Available," Wed, 3 Aug, 7:00 am - 9:00 pm","10 days, Replacement Only","Yes, Upto Rs.1,500.00 off",https://www.amazon.in/Samsung-Refrigerator-RR21A2C2XDX-HL-Digi-Touch/dp/B08T1T28L5/ref=sr_1_25?crid=1MOS9MN9NX5UF&keywords=refrigerator&qid=1659372689&sprefix=%2Caps%2C395&sr=8-25
31,Samsung,"Samsung 230 L 3 Star Inverter Direct Cool Single Door Refrigerator(RR24T285YCR/NL, Camellia Purple, Base Stand with Drawer)","19,290",Available," Mon, 8 Aug, 7:00 am - 9:00 pm","10 days, Replacement Only","Yes, Upto Rs.1,500.00 off",https://www.amazon.in/Samsung-Inverter-Refrigerator-RR24T285YCR-NL/dp/B08346C9R3/ref=sr_1_26?crid=1MOS9MN9NX5UF&keywords=refrigerator&qid=1659372689&sprefix=%2Caps%2C395&sr=8-26
32,Samsung,"Samsung 345 L 3 Star Digital Inverter Frost Free Double Door Refrigerator (RT37A4513BX/HL, Convertible, Luxe Black)","36,490",Available," Tue, 9 Aug, 7:00 am - 9:00 pm","10 days, Replacement Only","Yes, Upto Rs.1,500.00 off",https://www.amazon.in/gp/slredirect/picassoRedirect.html/ref=pa_sp_mtf_aps_sr_pg2_1?ie=UTF8&adId=A01028492KYCWN4F86CEM&url=%2FSamsung-Refrigerator-RT37A4513BX-HL-Convertible%2Fdp%2FB097T1PBVF%2Fref%3Dsr_1_27_sspa%3Fcrid%3D1MOS9MN9NX5UF%26keywords%3Drefrigerator%26qid%3D1659372689%26sprefix%3D%252Caps%252C395%26sr%3D8-27-spons%26psc%3D1&qualifier=1659372689&id=3828164566859793&widgetName=sp_mtf
33,Samsung,"Samsung 255 L 3 Star Inverter Direct Cool Single Door Refrigerator(RR26T389YUT/HL, Pebble Blue, Base Stand with Drawer)","20,390",Available," Tue, 9 Aug, 7:00 am - 9:00 pm","10 days, Replacement Only","Yes, Upto Rs.1,500.00 off",https://www.amazon.in/gp/slredirect/picassoRedirect.html/ref=pa_sp_mtf_aps_sr_pg2_1?ie=UTF8&adId=A01265332F7EET02JDJWK&url=%2FSamsung-Inverter-Refrigerator-RR26T389YUT-HL%2Fdp%2FB08346C9R4%2Fref%3Dsr_1_28_sspa%3Fcrid%3D1MOS9MN9NX5UF%26keywords%3Drefrigerator%26qid%3D1659372689%26sprefix%3D%252Caps%252C395%26sr%3D8-28-spons%26psc%3D1&qualifier=1659372689&id=3828164566859793&widgetName=sp_mtf
34,Whirlpool,"Whirlpool 215 L 5 Star Inverter Direct-Cool Single Door Refrigerator with Intellisense inverter technology(230 IMPRO ROY 5S INV SAPPHIRE ABYSS, Sapphire Abyss)","20,490",Available," Wed, 3 Aug, 7:00 am - 9:00 pm","10 days, Replacement Only","Yes, Upto Rs.1,500.00 off",https://www.amazon.in/Whirlpool-230-IMPRO-SAPPHIRE-ABYSS/dp/B086H3NR1F/ref=sr_1_29?crid=1MOS9MN9NX5UF&keywords=refrigerator&qid=1659372689&sprefix=%2Caps%2C395&sr=8-29
35,Whirlpool,"Whirlpool 190 L 2 Star Direct-Cool Single Door Refrigerator (WDE 205 CLS PLUS 2S SAPPHIRE BLOOM), Blue","13,990",Available," Tue, 9 Aug, 7:00 am - 9:00 pm","10 days, Replacement Only","Yes, Upto Rs.1,500.00 off",https://www.amazon.in/Whirlpool-Direct-Cool-Single-Refrigerator-SAPPHIRE/dp/B09PMTJPPQ/ref=sr_1_30?crid=1MOS9MN9NX5UF&keywords=refrigerator&qid=1659372689&sprefix=%2Caps%2C395&sr=8-30
36,Whirlpool,"Whirlpool 190 L 4 Star Inverter Direct-Cool Single Door Refrigerator (WDE 205 PRM 4S INV, Sapphire Magnolia)","16,390",Available," Tue, 9 Aug, 7:00 am - 9:00 pm","10 days, Replacement Only","Yes, Upto Rs.1,500.00 off",https://www.amazon.in/Whirlpool-Inverter-Direct-Cool-Refrigerator-Sapphire/dp/B091Q3T3KQ/ref=sr_1_31?crid=1MOS9MN9NX5UF&keywords=refrigerator&qid=1659372689&sprefix=%2Caps%2C395&sr=8-31
37,Haier,Haier 195L 5 Star with Inverter Direct-Cool Single Door Refrigerator (HED-20FDS - Brushline Silver/Dazzel Steel),"16,666",Available," Wed, 3 Aug, 7:00 am - 9:00 pm","10 days, Replacement Only","Yes, Upto Rs.1,500.00 off",https://www.amazon.in/Haier-Inverter-Refrigerator-HED-20FDS-Brushline/dp/B09BK34W53/ref=sr_1_32?crid=1MOS9MN9NX5UF&keywords=refrigerator&qid=1659372689&sprefix=%2Caps%2C395&sr=8-32
38,Haier,Haier 192L 3Star Direct-Cool Single Door Refrigerator (HED-191BMS- Moon Silver),"13,490",Available," Wed, 3 Aug, 7:00 am - 9:00 pm","10 days, Replacement Only","Yes, Upto Rs.1,500.00 off",https://www.amazon.in/Haier-Direct-Cool-Single-Refrigerator-HED-191BMS/dp/B09RLVQBPG/ref=sr_1_33?crid=1MOS9MN9NX5UF&keywords=refrigerator&qid=1659372689&sprefix=%2Caps%2C395&sr=8-33
39,Godrej,"Godrej 30 L Qube Personal Cooling Solution (TEC Qube 30L HS Q103, Black)","7,240",Available," Mon, 8 Aug, 7:00 am - 9:00 pm","10 days, Replacement Only","Yes, Upto Rs.1,500.00 off",https://www.amazon.in/Godrej-Qube-Personal-Cooling-Solution/dp/B07R3WXXH5/ref=sr_1_34?crid=1MOS9MN9NX5UF&keywords=refrigerator&qid=1659372689&sprefix=%2Caps%2C395&sr=8-34
40,Haier,Haier 220L 4 Star with Inverter Direct-Cool Single Door Refrigerator (HED-22FPMF -Marine Crane) With Base Drawer,"20,450",Available," Wed, 3 Aug, 7:00 am - 9:00 pm","10 days, Replacement Only","Yes, Upto Rs.1,500.00 off",https://www.amazon.in/Haier-Inverter-Direct-Cool-Refrigerator-HED-22FPMF/dp/B09RLVY6PJ/ref=sr_1_35?crid=1MOS9MN9NX5UF&keywords=refrigerator&qid=1659372689&sprefix=%2Caps%2C395&sr=8-35
41,LG,"LG 284 L 3 Star Inverter Linear Frost-Free Double Door Refrigerator (GL-T302RBPN, Blue Plumeria, Convertible)","32,065",Only 1 left in stock.," Wed, 3 Aug, 7:00 am - 9:00 pm","10 days, Replacement Only","Yes, Upto Rs.1,500.00 off",https://www.amazon.in/LG-Inverter-Frost-Free-Refrigerator-GL-T302RBPN/dp/B07J4X2D15/ref=sr_1_36?crid=1MOS9MN9NX5UF&keywords=refrigerator&qid=1659372689&sprefix=%2Caps%2C395&sr=8-36
42,Panasonic,"Panasonic 592 L Wifi Inverter Frost-Free Side by Side Refrigerator (NR-BS62MKX1, Black, Stainless Steel Finish)","75,990",Available," Wed, 3 Aug, 7:00 am - 9:00 pm","10 days, Replacement Only","Yes, Upto Rs.1,500.00 off",https://www.amazon.in/gp/slredirect/picassoRedirect.html/ref=pa_sp_btf_aps_sr_pg2_1?ie=UTF8&adId=A07612787B81SE2JIXCG&url=%2FPanasonic-Frost-Free-Refrigerator-NR-BS62MKX1-Stainless%2Fdp%2FB08W1RWMPS%2Fref%3Dsr_1_37_sspa%3Fcrid%3D1MOS9MN9NX5UF%26keywords%3Drefrigerator%26qid%3D1659372689%26sprefix%3D%252Caps%252C395%26sr%3D8-37-spons%26psc%3D1&qualifier=1659372689&id=3828164566859793&widgetName=sp_btf
43,Samsung,"Samsung 253 L 2 Star Frost-Free Double Door Refrigerator (RT28B3922S9/HL, Refined Inox, Convertible)","24,690",Available," Wed, 3 Aug, 7:00 am - 9:00 pm","10 days, Replacement Only","Yes, Upto Rs.1,500.00 off",https://www.amazon.in/gp/slredirect/picassoRedirect.html/ref=pa_sp_btf_aps_sr_pg2_1?ie=UTF8&adId=A0103429HJFYCJAO0P3O&url=%2FSamsung-Frost-Free-Refrigerator-RT28B3922S9-Convertible%2Fdp%2FB09ZHMR72P%2Fref%3Dsr_1_38_sspa%3Fcrid%3D1MOS9MN9NX5UF%26keywords%3Drefrigerator%26qid%3D1659372689%26sprefix%3D%252Caps%252C395%26sr%3D8-38-spons%26psc%3D1&qualifier=1659372689&id=3828164566859793&widgetName=sp_btf
44,AmazonBasics,"AmazonBasics 345 L 2 star Frost Free Double Door Refrigerator (Silver, Auto Defrosting)","27,999",Available," Wed, 3 Aug, 7:00 am - 9:00 pm","10 days, Replacement Only","Yes, Upto Rs.1,500.00 off",https://www.amazon.in/gp/slredirect/picassoRedirect.html/ref=pa_sp_atf_next_aps_sr_pg3_1?ie=UTF8&adId=A01974833GJKJUQA4FC8Z&url=%2FAmazonBasics-AB2019RF006-Refrigerator-Model-6%2Fdp%2FB07R68LF7P%2Fref%3Dsr_1_33_sspa%3Fcrid%3D1MOS9MN9NX5UF%26keywords%3Drefrigerator%26qid%3D1659372811%26sprefix%3D%252Caps%252C395%26sr%3D8-33-spons%26psc%3D1&qualifier=1659372811&id=7151723078530380&widgetName=sp_atf_next
45,Godrej,"Godrej 185 L 4 Star Inverter Direct-Cool Single Door Refrigerator (RD UNO 1854 PTI ZN BL, Zen Blue, Cool Lock Technology)","14,690",Available," Wed, 3 Aug, 7:00 am - 9:00 pm","10 days, Replacement Only","Yes, Upto Rs.1,500.00 off",https://www.amazon.in/gp/slredirect/picassoRedirect.html/ref=pa_sp_atf_next_aps_sr_pg3_1?ie=UTF8&adId=A081645837MPATDT4LSJZ&url=%2FGodrej-Inverter-Direct-Cool-Refrigerator-Technology%2Fdp%2FB0B1JL4767%2Fref%3Dsr_1_34_sspa%3Fcrid%3D1MOS9MN9NX5UF%26keywords%3Drefrigerator%26qid%3D1659372811%26sprefix%3D%252Caps%252C395%26sr%3D8-34-spons%26psc%3D1&qualifier=1659372811&id=7151723078530380&widgetName=sp_atf_next
46,Whirlpool,Whirlpool 190 L 2 Star Direct-Cool Single Door Refrigerator (WDE 205 CLS PLUS 2S WINE BLOOM),"13,540",Available," Wed, 3 Aug, 7:00 am - 9:00 pm","10 days, Replacement Only","Yes, Upto Rs.1,500.00 off",https://www.amazon.in/Whirlpool-Direct-Cool-Single-Refrigerator-BLOOM/dp/B09PMTDDLR/ref=sr_1_35?crid=1MOS9MN9NX5UF&keywords=refrigerator&qid=1659372811&sprefix=%2Caps%2C395&sr=8-35
47,Whirlpool,"Whirlpool 265 L 3 Star Inverter Frost-Free Double Door Refrigerator with Intellisense inverter technology(INTELLIFRESH INV CNV 278 3S, German Steel, Convertible)","27,190",Available," Wed, 3 Aug, 7:00 am - 9:00 pm","10 days, Replacement Only","Yes, Upto Rs.1,500.00 off",https://www.amazon.in/Whirlpool-Refrigerator-INV-CNV-278/dp/B083JN87RJ/ref=sr_1_36?crid=1MOS9MN9NX5UF&keywords=refrigerator&qid=1659372811&sprefix=%2Caps%2C395&sr=8-36
48,LG,"LG 204 L 5 Star Inverter Direct-Cool Single Door Refrigerator (GL-D211HPZZ, Shiny Steel, Base stand with drawer & Smart connect)","20,590",Available," Wed, 3 Aug, 7:00 am - 9:00 pm","10 days, Replacement Only","Yes, Upto Rs.1,500.00 off",https://www.amazon.in/LG-Inverter-Direct-Cool-Refrigerator-GL-D211HPZZ/dp/B0B4T3V7L4/ref=sr_1_37?crid=1MOS9MN9NX5UF&keywords=refrigerator&qid=1659372811&sprefix=%2Caps%2C395&sr=8-37
49,Samsung,"Samsung 255 L 3 Star Inverter Direct Cool Single Door Refrigerator(RR26T389YUT/HL, Pebble Blue, Base Stand with Drawer)","20,390",Available," Tue, 9 Aug, 7:00 am - 9:00 pm","10 days, Replacement Only","Yes, Upto Rs.1,500.00 off",https://www.amazon.in/Samsung-Inverter-Refrigerator-RR26T389YUT-HL/dp/B08346C9R4/ref=sr_1_38?crid=1MOS9MN9NX5UF&keywords=refrigerator&qid=1659372811&sprefix=%2Caps%2C395&sr=8-38
50,Whirlpool,"Whirlpool 190 L 3 Star Direct-Cool Single Door Refrigerator (WDE 205 CLS 3S, Grey)","13,490",Available," Tue, 9 Aug, 7:00 am - 9:00 pm","10 days, Replacement Only","Yes, Upto Rs.1,500.00 off",https://www.amazon.in/Whirlpool-Refrigerator-WDE-205-CLS/dp/B0842QYCRZ/ref=sr_1_39?crid=1MOS9MN9NX5UF&keywords=refrigerator&qid=1659372811&sprefix=%2Caps%2C395&sr=8-39
51,Godrej,"Godrej 190 L 3 Star Inverter Direct-Cool Single Door Refrigerator with Jumbo Vegetable Tray (RD 1903 EWHI 33 STL BL, Steel Blue, Inverter Compressor)","13,690",Available," Tue, 9 Aug, 7:00 am - 9:00 pm","10 days, Replacement Only","Yes, Upto Rs.1,500.00 off",https://www.amazon.in/Godrej-Refrigerator-1903-EWHI-STL/dp/B08GQR27GT/ref=sr_1_40?crid=1MOS9MN9NX5UF&keywords=refrigerator&qid=1659372811&sprefix=%2Caps%2C395&sr=8-40
52,Samsung,"Samsung 253 L 1 Star with Inverter Double Door Refrigerator (RT28A3021S8/HL, Elegant Inox)","20,390",Available," Wed, 3 Aug, 7:00 am - 9:00 pm","10 days, Replacement Only","Yes, Upto Rs.1,500.00 off",https://www.amazon.in/Samsung-Inverter-Refrigerator-RT28A3021S8-HL/dp/B08SC9GVVR/ref=sr_1_41?crid=1MOS9MN9NX5UF&keywords=refrigerator&qid=1659372811&sprefix=%2Caps%2C395&sr=8-41
53,Samsung,"Samsung 198 L 5 Star Inverter Direct-Cool Single Door Refrigerator (RR21T2H2W9U/HL, Paradise Blue, Base Stand with Drawer)","19,100",Available," Tue, 9 Aug, 7:00 am - 9:00 pm","10 days, Replacement Only","Yes, Upto Rs.1,500.00 off",https://www.amazon.in/Samsung-Direct-Cool-Refrigerator-RR21T2H2W9U-HL/dp/B0844664FM/ref=sr_1_42?crid=1MOS9MN9NX5UF&keywords=refrigerator&qid=1659372811&sprefix=%2Caps%2C395&sr=8-42
54,Samsung,"Samsung 225 L 4 Star Inverter Direct Cool Single Door Refrigerator(RR23A2F3X9U/HL, Paradise Blue, Base Stand with Drawer, Digi-Touch Cool)","20,490",Available," Wed, 3 Aug, 7:00 am - 9:00 pm","10 days, Replacement Only","Yes, Upto Rs.1,500.00 off",https://www.amazon.in/gp/slredirect/picassoRedirect.html/ref=pa_sp_mtf_aps_sr_pg3_1?ie=UTF8&adId=A01269331SO2PU6TR9Y1C&url=%2FSamsung-Refrigerator-RR23A2F3X9U-HL-Digi-Touch%2Fdp%2FB08SM5GCD8%2Fref%3Dsr_1_43_sspa%3Fcrid%3D1MOS9MN9NX5UF%26keywords%3Drefrigerator%26qid%3D1659372811%26sprefix%3D%252Caps%252C395%26sr%3D8-43-spons%26psc%3D1&qualifier=1659372811&id=7151723078530380&widgetName=sp_mtf
55,Samsung,"Samsung 198 L 5 Star Inverter Direct-Cool Single Door Refrigerator (RR21T2H2WCB/HL, Camellia Black, Base Stand with Drawer)","18,000",Available," Wed, 3 Aug, 7:00 am - 9:00 pm","10 days, Replacement Only","Yes, Upto Rs.1,500.00 off",https://www.amazon.in/gp/slredirect/picassoRedirect.html/ref=pa_sp_mtf_aps_sr_pg3_1?ie=UTF8&adId=A0126097KGNWR93IRQ3L&url=%2FSamsung-Direct-Cool-Refrigerator-RR21T2H2WCB-HL%2Fdp%2FB08445PP98%2Fref%3Dsr_1_44_sspa%3Fcrid%3D1MOS9MN9NX5UF%26keywords%3Drefrigerator%26qid%3D1659372811%26sprefix%3D%252Caps%252C395%26sr%3D8-44-spons%26psc%3D1&qualifier=1659372811&id=7151723078530380&widgetName=sp_mtf
56,Godrej,"Godrej 185 L 4 Star Inverter Direct-Cool Single Door Refrigerator (RD UNO 1854 PTI AQ WN, Aqua Wine, Cool Lock Technology)","14,590",Available," Mon, 8 Aug, 7:00 am - 9:00 pm","10 days, Replacement Only","Yes, Upto Rs.1,500.00 off",https://www.amazon.in/Godrej-Inverter-Direct-Cool-Single-Refrigerator/dp/B08VJ3QWFZ/ref=sr_1_45?crid=1MOS9MN9NX5UF&keywords=refrigerator&qid=1659372811&sprefix=%2Caps%2C395&sr=8-45
57,LG,"LG 190 L 3 Star Direct-Cool Single Door Refrigerator (GL-B201RPZD, Shiny Steel, Moist 'N' Fresh)","14,990",Available," Mon, 8 Aug, 7:00 am - 9:00 pm","10 days, Replacement Only","Yes, Upto Rs.1,500.00 off",https://www.amazon.in/LG-Direct-Cool-Single-Refrigerator-GL-B201RPZD/dp/B084Y86B9Z/ref=sr_1_46?crid=1MOS9MN9NX5UF&keywords=refrigerator&qid=1659372811&sprefix=%2Caps%2C395&sr=8-46
58,Samsung,"Samsung 198 L 5 Star Inverter Direct-Cool Single Door Refrigerator (RR21T2G2WCR/HL, Camellia Purple)","17,600",Available," Wed, 3 Aug, 7:00 am - 9:00 pm","10 days, Replacement Only","Yes, Upto Rs.1,500.00 off",https://www.amazon.in/Samsung-Direct-Cool-Refrigerator-RR21T2G2WCR-HL/dp/B084ZX7XS4/ref=sr_1_47?crid=1MOS9MN9NX5UF&keywords=refrigerator&qid=1659372811&sprefix=%2Caps%2C395&sr=8-47
59,Samsung,"Samsung 275 L 3 Star with Inverter Double Door Refrigerator (RT30T3743S9/HL, Refined Inox, Convertible)","30,040",Available," Wed, 3 Aug, 7:00 am - 9:00 pm","10 days, Replacement Only","Yes, Upto Rs.1,500.00 off",https://www.amazon.in/Samsung-Refrigerator-RT30T3743S9-HL-Convertible/dp/B0834624G1/ref=sr_1_48?crid=1MOS9MN9NX5UF&keywords=refrigerator&qid=1659372811&sprefix=%2Caps%2C395&sr=8-48
60,Tropicool,Tropicool PortaChill Black 5 L Car Refrigerator Chiller Cum Warmer (Black),"3,764",Available," tomorrow, August 2",10 Days Returnable,Not Applicable,https://www.amazon.in/Tropicool-PortaChill-Refrigerator-Chiller-Warmer/dp/B07YQ1DM3L/ref=sr_1_49?crid=1MOS9MN9NX5UF&keywords=refrigerator&qid=1659372811&sprefix=%2Caps%2C395&sr=8-49
61,LG,"LG 270 L 3 Star Inverter Direct Cool Single Door Refrigerator(GL-B281BPZX, Shiny Steel)","21,990",Available," Wed, 3 Aug, 7:00 am - 9:00 pm","10 days, Replacement Only","Yes, Upto Rs.1,500.00 off",https://www.amazon.in/LG-Refrigerator-GL-B281BPZX-DPZZEBN-Inverter-Compressor/dp/B06XG9N37B/ref=sr_1_50?crid=1MOS9MN9NX5UF&keywords=refrigerator&qid=1659372811&sprefix=%2Caps%2C395&sr=8-50
62,Godrej,"Godrej 190 L 3 Star Inverter Direct-Cool Single Door Refrigerator with Jumbo Vegetable Tray (RD 1903 PTI 33 DR BL, Royal Drenim, Inverter Compressor)","14,690",Available," Tue, 9 Aug, 7:00 am - 9:00 pm","10 days, Replacement Only","Yes, Upto Rs.1,500.00 off",https://www.amazon.in/Godrej-Direct-Cool-Refrigerator-1903-PTI/dp/B083SRCK9N/ref=sr_1_51?crid=1MOS9MN9NX5UF&keywords=refrigerator&qid=1659372811&sprefix=%2Caps%2C395&sr=8-51
63,Candy,"Candy 195 L 3 Star Direct Cool Single Door Refrigerator (CSD1953BS, Brushline Silver)","12,490",Available," Tue, 9 Aug, 7:00 am - 9:00 pm","10 days, Replacement Only","Yes, Upto Rs.1,500.00 off",https://www.amazon.in/Candy-Direct-Refrigerator-CSD1953BS-Brushline/dp/B09TY9DXJZ/ref=sr_1_52?crid=1MOS9MN9NX5UF&keywords=refrigerator&qid=1659372811&sprefix=%2Caps%2C395&sr=8-52
64,Samsung,"Samsung 415L 3 Star Frost-Free Digital Inverter Double Door Refrigerator (RT42B553ES8/TL Convertible, Elegant Inox)","45,490",Available," Tue, 9 Aug, 7:00 am - 9:00 pm","10 days, Replacement Only","Yes, Upto Rs.1,500.00 off",https://www.amazon.in/gp/slredirect/picassoRedirect.html/ref=pa_sp_btf_aps_sr_pg3_1?ie=UTF8&adId=A010263725ZMO00KIDPL9&url=%2FSamsung-Frost-Free-Refrigerator-RT42B553ES8-Convertible%2Fdp%2FB09ZYKRQLP%2Fref%3Dsr_1_53_sspa%3Fcrid%3D1MOS9MN9NX5UF%26keywords%3Drefrigerator%26qid%3D1659372811%26sprefix%3D%252Caps%252C395%26sr%3D8-53-spons%26psc%3D1&qualifier=1659372811&id=7151723078530380&widgetName=sp_btf
65,Samsung,"Samsung 324L 3 Star Inverter Frost Free Double Door Refrigerator (RT34T4513S8/HL, Elegant Inox, Convertible)","34,790",Available," Wed, 3 Aug, 7:00 am - 9:00 pm","10 days, Replacement Only","Yes, Upto Rs.1,500.00 off",https://www.amazon.in/gp/slredirect/picassoRedirect.html/ref=pa_sp_btf_aps_sr_pg3_1?ie=UTF8&adId=A0103037ED8RINUB3I7W&url=%2FSamsung-Refrigerator-RT34T4513S8-HL-Convertible%2Fdp%2FB08345R1ZW%2Fref%3Dsr_1_54_sspa%3Fcrid%3D1MOS9MN9NX5UF%26keywords%3Drefrigerator%26qid%3D1659372811%26sprefix%3D%252Caps%252C395%26sr%3D8-54-spons%26psc%3D1&qualifier=1659372811&id=7151723078530380&widgetName=sp_btf
